Channel Title,Channel Username,ID,Message,Date,Media Path
ኩሩ/kuru/ 🇪🇹 wear ®️,@kuruwear,1388,"100% ንፁ ቆዳ የተሰሩ ጫማዎች
🇪🇹 የሀገራችን ምርት 🇪🇹
     🔥2800 ብር ብቻ🔥
☎️ 0911871330
🏢ቦሌ ኦሎምፒያ ጌቱ ኮሜርሻል አጠገብ ራዩማ ህንፃ 119 ቁጥር
             ኩሩ ጫማ
የቴሌግራም አባል ይሁኑ T.me/kuruwear
👉 Code 509",2024-11-09 07:15:56+00:00,kuruwear_photos/@kuruwear_1388.jpg
ኩሩ/kuru/ 🇪🇹 wear ®️,@kuruwear,1387,"100% ንፁ ቆዳ የተሰሩ ጫማዎች
🇪🇹 የሀገራችን ምርት 🇪🇹
     🔥2700 ብር ብቻ🔥
☎️ 0911871330
🏢ቦሌ ኦሎምፒያ ጌቱ ኮሜርሻል አጠገብ ራዩማ ህንፃ 119 ቁጥር
             ኩሩ ጫማ
የቴሌግራም አባል ይሁኑ T.me/kuruwear
👉 Code 510",2024-11-02 14:12:34+00:00,kuruwear_photos/@kuruwear_1387.jpg
ኩሩ/kuru/ 🇪🇹 wear ®️,@kuruwear,1386,"100% ንፁ ቆዳ የተሰሩ ጫማዎች
🇪🇹 የሀገራችን ምርት 🇪🇹
     🔥2700 ብር ብቻ🔥
☎️ 0911871330
🏢ቦሌ ኦሎምፒያ ጌቱ ኮሜርሻል አጠገብ ራዩማ ህንፃ 119 ቁጥር
             ኩሩ ጫማ
የቴሌግራም አባል ይሁኑ T.me/kuruwear
👉 Code 511",2024-11-02 14:12:18+00:00,kuruwear_photos/@kuruwear_1386.jpg
ኩሩ/kuru/ 🇪🇹 wear ®️,@kuruwear,1384,"100% ንፁ ቆዳ የተሰሩ ጫማዎች
🇪🇹 የሀገራችን ምርት 🇪🇹
     🔥3000 ብር ብቻ🔥
☎️ 0911871330
🏢ቦሌ ኦሎምፒያ ጌቱ ኮሜርሻል አጠገብ ራዩማ ህንፃ 119 ቁጥር
             ኩሩ ጫማ
የቴሌግራም አባል ይሁኑ T.me/kuruwear
👉 Code 487",2024-10-23 09:17:56+00:00,kuruwear_photos/@kuruwear_1384.jpg
ኩሩ/kuru/ 🇪🇹 wear ®️,@kuruwear,1383,"100% ንፁ ቆዳ የተሰሩ ጫማዎች
🇪🇹 የሀገራችን ምርት 🇪🇹
     🔥3000 ብር ብቻ🔥
☎️ 0911871330
🏢ቦሌ ኦሎምፒያ ጌቱ ኮሜርሻል አጠገብ ራዩማ ህንፃ 119 ቁጥር
             ኩሩ ጫማ
የቴሌግራም አባል ይሁኑ T.me/kuruwear
👉 Code 383",2024-10-23 09:17:31+00:00,kuruwear_photos/@kuruwear_1383.jpg
ኩሩ/kuru/ 🇪🇹 wear ®️,@kuruwear,1382,"100% ንፁ ቆዳ የተሰሩ ጫማዎች
🇪🇹 የሀገራችን ምርት 🇪🇹
     🔥2800 ብር ብቻ🔥
☎️ 0911871330
🏢ቦሌ ኦሎምፒያ ጌቱ ኮሜርሻል አጠገብ ራዩማ ህንፃ 119 ቁጥር
             ኩሩ ጫማ
የቴሌግራም አባል ይሁኑ T.me/kuruwear
👉 Code 507",2024-10-14 08:35:21+00:00,kuruwear_photos/@kuruwear_1382.jpg
ኩሩ/kuru/ 🇪🇹 wear ®️,@kuruwear,1381,"100% ንፁ ቆዳ የተሰሩ ጫማዎች
🇪🇹 የሀገራችን ምርት 🇪🇹
     🔥2800 ብር ብቻ🔥
☎️ 0911871330
🏢ቦሌ ኦሎምፒያ ጌቱ ኮሜርሻል አጠገብ ራዩማ ህንፃ 119 ቁጥር
             ኩሩ ጫማ
የቴሌግራም አባል ይሁኑ T.me/kuruwear
👉 Code 508",2024-10-14 08:34:52+00:00,kuruwear_photos/@kuruwear_1381.jpg
ኩሩ/kuru/ 🇪🇹 wear ®️,@kuruwear,1380,"100% ንፁ ቆዳ የተሰሩ ጫማዎች
🇪🇹 የሀገራችን ምርት 🇪🇹
     🔥2300 ብር ብቻ🔥
☎️ 0911871330
🏢ቦሌ ኦሎምፒያ ጌቱ ኮሜርሻል አጠገብ ራዩማ ህንፃ 119 ቁጥር
             ኩሩ ጫማ
የቴሌግራም አባል ይሁኑ T.me/kuruwear
👉 Code 505",2024-10-14 08:34:32+00:00,kuruwear_photos/@kuruwear_1380.jpg
ኩሩ/kuru/ 🇪🇹 wear ®️,@kuruwear,1379,"100% ንፁ ቆዳ የተሰሩ ጫማዎች
🇪🇹 የሀገራችን ምርት 🇪🇹
     🔥3300 ብር ብቻ🔥
☎️ 0911871330
🏢ቦሌ ኦሎምፒያ ጌቱ ኮሜርሻል አጠገብ ራዩማ ህንፃ 119 ቁጥር
             ኩሩ ጫማ
የቴሌግራም አባል ይሁኑ T.me/kuruwear
👉 Code 504",2024-10-09 12:28:05+00:00,kuruwear_photos/@kuruwear_1379.jpg
ኩሩ/kuru/ 🇪🇹 wear ®️,@kuruwear,1378,"100% ንፁ ቆዳ የተሰሩ ጫማዎች
🇪🇹 የሀገራችን ምርት 🇪🇹
     🔥2400 ብር ብቻ🔥
☎️ 0911871330
🏢ቦሌ ኦሎምፒያ ጌቱ ኮሜርሻል አጠገብ ራዩማ ህንፃ 119 ቁጥር
             ኩሩ ጫማ
የቴሌግራም አባል ይሁኑ T.me/kuruwear
👉 Code 315",2024-09-21 06:16:43+00:00,kuruwear_photos/@kuruwear_1378.jpg
ኩሩ/kuru/ 🇪🇹 wear ®️,@kuruwear,1377,"100% ንፁ ቆዳ የተሰሩ ጫማዎች
🇪🇹 የሀገራችን ምርት 🇪🇹
     🔥2400 ብር ብቻ🔥
☎️ 0911871330
🏢ቦሌ ኦሎምፒያ ጌቱ ኮሜርሻል አጠገብ ራዩማ ህንፃ 119 ቁጥር
             ኩሩ ጫማ
የቴሌግራም አባል ይሁኑ T.me/kuruwear
👉 Code 316",2024-09-21 06:16:35+00:00,kuruwear_photos/@kuruwear_1377.jpg
ኩሩ/kuru/ 🇪🇹 wear ®️,@kuruwear,1376,"100% ንፁ ቆዳ የተሰሩ ጫማዎች
🇪🇹 የሀገራችን ምርት 🇪🇹
     🔥2400 ብር ብቻ🔥
☎️ 0911871330
🏢ቦሌ ኦሎምፒያ ጌቱ ኮሜርሻል አጠገብ ራዩማ ህንፃ 119 ቁጥር
             ኩሩ ጫማ
የቴሌግራም አባል ይሁኑ T.me/kuruwear
👉 Code 503",2024-09-21 06:16:22+00:00,kuruwear_photos/@kuruwear_1376.jpg
ኩሩ/kuru/ 🇪🇹 wear ®️,@kuruwear,1375,"100% ንፁ ቆዳ የተሰሩ ጫማዎች
🇪🇹 የሀገራችን ምርት 🇪🇹
     🔥2800 ብር ብቻ🔥
☎️ 0911871330
🏢ቦሌ ኦሎምፒያ ጌቱ ኮሜርሻል አጠገብ ራዩማ ህንፃ 119 ቁጥር
             ኩሩ ጫማ
የቴሌግራም አባል ይሁኑ T.me/kuruwear
👉 Code 502",2024-09-21 06:16:04+00:00,kuruwear_photos/@kuruwear_1375.jpg
ኩሩ/kuru/ 🇪🇹 wear ®️,@kuruwear,1374,"100% ንፁ ቆዳ የተሰሩ ጫማዎች
🇪🇹 የሀገራችን ምርት 🇪🇹
     🔥2400 ብር ብቻ🔥
☎️ 0911871330
🏢ቦሌ ኦሎምፒያ ጌቱ ኮሜርሻል አጠገብ ራዩማ ህንፃ 119 ቁጥር
             ኩሩ ጫማ
የቴሌግራም አባል ይሁኑ T.me/kuruwear
👉 Code 501",2024-09-14 07:11:18+00:00,kuruwear_photos/@kuruwear_1374.jpg
ኩሩ/kuru/ 🇪🇹 wear ®️,@kuruwear,1373,"100% ንፁ ቆዳ የተሰሩ ጫማዎች
🇪🇹 የሀገራችን ምርት 🇪🇹
     🔥2400 ብር ብቻ🔥
☎️ 0911871330
🏢ቦሌ ኦሎምፒያ ጌቱ ኮሜርሻል አጠገብ ራዩማ ህንፃ 119 ቁጥር
             ኩሩ ጫማ
የቴሌግራም አባል ይሁኑ T.me/kuruwear
👉 Code 500",2024-09-14 07:10:52+00:00,kuruwear_photos/@kuruwear_1373.jpg
ኩሩ/kuru/ 🇪🇹 wear ®️,@kuruwear,1372,"100% ንፁ ቆዳ የተሰሩ ጫማዎች
🇪🇹 የሀገራችን ምርት 🇪🇹
     🔥2400 ብር ብቻ🔥
☎️ 0911871330
🏢ቦሌ ኦሎምፒያ ጌቱ ኮሜርሻል አጠገብ ራዩማ ህንፃ 119 ቁጥር
             ኩሩ ጫማ
የቴሌግራም አባል ይሁኑ T.me/kuruwear
👉 Code 291",2024-09-12 06:46:43+00:00,kuruwear_photos/@kuruwear_1372.jpg
ኩሩ/kuru/ 🇪🇹 wear ®️,@kuruwear,1371,"100% ንፁ ቆዳ የተሰሩ ጫማዎች
🇪🇹 የሀገራችን ምርት 🇪🇹
     🔥2400 ብር ብቻ🔥
☎️ 0911871330
🏢ቦሌ ኦሎምፒያ ጌቱ ኮሜርሻል አጠገብ ራዩማ ህንፃ 119 ቁጥር
             ኩሩ ጫማ
የቴሌግራም አባል ይሁኑ T.me/kuruwear
👉 Code 499",2024-09-12 06:46:24+00:00,kuruwear_photos/@kuruwear_1371.jpg
ኩሩ/kuru/ 🇪🇹 wear ®️,@kuruwear,1370,"100% ንፁ ቆዳ የተሰሩ ጫማዎች
🇪🇹 የሀገራችን ምርት 🇪🇹
     🔥2400 ብር ብቻ🔥
☎️ 0911871330
🏢ቦሌ ኦሎምፒያ ጌቱ ኮሜርሻል አጠገብ ራዩማ ህንፃ 119 ቁጥር
             ኩሩ ጫማ
የቴሌግራም አባል ይሁኑ T.me/kuruwear
👉 Code 498",2024-09-12 06:46:10+00:00,kuruwear_photos/@kuruwear_1370.jpg
ኩሩ/kuru/ 🇪🇹 wear ®️,@kuruwear,1369,"100% ንፁ ቆዳ የተሰሩ ጫማዎች
🇪🇹 የሀገራችን ምርት 🇪🇹
     🔥2800 ብር ብቻ🔥
☎️ 0911871330
🏢ቦሌ ኦሎምፒያ ጌቱ ኮሜርሻል አጠገብ ራዩማ ህንፃ 119 ቁጥር
             ኩሩ ጫማ
የቴሌግራም አባል ይሁኑ T.me/kuruwear
👉 Code 497",2024-09-09 06:44:40+00:00,kuruwear_photos/@kuruwear_1369.jpg
ኩሩ/kuru/ 🇪🇹 wear ®️,@kuruwear,1368,"100% ንፁ ቆዳ የተሰሩ ጫማዎች
🇪🇹 የሀገራችን ምርት 🇪🇹
     🔥2200 ብር ብቻ🔥
☎️ 0911871330
🏢ቦሌ ኦሎምፒያ ጌቱ ኮሜርሻል አጠገብ ራዩማ ህንፃ 119 ቁጥር
             ኩሩ ጫማ
የቴሌግራም አባል ይሁኑ T.me/kuruwear
👉 Code 496",2024-08-28 06:27:33+00:00,kuruwear_photos/@kuruwear_1368.jpg
ኩሩ/kuru/ 🇪🇹 wear ®️,@kuruwear,1367,"100% ንፁ ቆዳ የተሰሩ ጫማዎች
🇪🇹 የሀገራችን ምርት 🇪🇹
     🔥2400 ብር ብቻ🔥
☎️ 0911871330
🏢ቦሌ ኦሎምፒያ ጌቱ ኮሜርሻል አጠገብ ራዩማ ህንፃ 119 ቁጥር
             ኩሩ ጫማ
የቴሌግራም አባል ይሁኑ T.me/kuruwear
👉 Code 495",2024-08-28 06:27:24+00:00,kuruwear_photos/@kuruwear_1367.jpg
ኩሩ/kuru/ 🇪🇹 wear ®️,@kuruwear,1366,"100% ንፁ ቆዳ የተሰሩ ጫማዎች
🇪🇹 የሀገራችን ምርት 🇪🇹
     🔥2400 ብር ብቻ🔥
☎️ 0911871330
🏢ቦሌ ኦሎምፒያ ጌቱ ኮሜርሻል አጠገብ ራዩማ ህንፃ 119 ቁጥር
             ኩሩ ጫማ
የቴሌግራም አባል ይሁኑ T.me/kuruwear
👉 Code 494",2024-08-28 06:27:08+00:00,kuruwear_photos/@kuruwear_1366.jpg
ኩሩ/kuru/ 🇪🇹 wear ®️,@kuruwear,1365,"100% ንፁ ቆዳ የተሰሩ ጫማዎች
🇪🇹 የሀገራችን ምርት 🇪🇹
     🔥2400 ብር ብቻ🔥
☎️ 0911871330
🏢ቦሌ ኦሎምፒያ ጌቱ ኮሜርሻል አጠገብ ራዩማ ህንፃ 119 ቁጥር
             ኩሩ ጫማ
የቴሌግራም አባል ይሁኑ T.me/kuruwear
👉 Code 493",2024-08-28 06:26:55+00:00,kuruwear_photos/@kuruwear_1365.jpg
ኩሩ/kuru/ 🇪🇹 wear ®️,@kuruwear,1364,"100% ንፁ ቆዳ የተሰሩ ጫማዎች
🇪🇹 የሀገራችን ምርት 🇪🇹
     🔥2200 ብር ብቻ🔥
☎️ 0911871330
🏢ቦሌ ኦሎምፒያ ጌቱ ኮሜርሻል አጠገብ ራዩማ ህንፃ 119 ቁጥር
             ኩሩ ጫማ
የቴሌግራም አባል ይሁኑ T.me/kuruwear
👉 Code 492",2024-08-28 06:26:38+00:00,kuruwear_photos/@kuruwear_1364.jpg
ኩሩ/kuru/ 🇪🇹 wear ®️,@kuruwear,1363,"100% ንፁ ቆዳ የተሰሩ ጫማዎች
🇪🇹 የሀገራችን ምርት 🇪🇹
     🔥2000 ብር ብቻ🔥
☎️ 0911871330
🏢ቦሌ ኦሎምፒያ ጌቱ ኮሜርሻል አጠገብ ራዩማ ህንፃ 119 ቁጥር
             ኩሩ ጫማ
የቴሌግራም አባል ይሁኑ T.me/kuruwear
👉 Code 491",2024-08-28 06:26:24+00:00,kuruwear_photos/@kuruwear_1363.jpg
ኩሩ/kuru/ 🇪🇹 wear ®️,@kuruwear,1362,"100% ንፁ ቆዳ የተሰሩ ጫማዎች
🇪🇹 የሀገራችን ምርት 🇪🇹
     🔥2800 ብር ብቻ🔥
☎️ 0911871330
🏢ቦሌ ኦሎምፒያ ጌቱ ኮሜርሻል አጠገብ ራዩማ ህንፃ 119 ቁጥር
             ኩሩ ጫማ
የቴሌግራም አባል ይሁኑ T.me/kuruwear
👉 Code 490",2024-08-19 05:11:58+00:00,kuruwear_photos/@kuruwear_1362.jpg
ኩሩ/kuru/ 🇪🇹 wear ®️,@kuruwear,1361,,2024-08-12 08:24:57+00:00,
ኩሩ/kuru/ 🇪🇹 wear ®️,@kuruwear,1360,ዉድ የኩሩ ጫማ ቤተሰቦች አድራሻችን በፊት ከነበረዉ ኦሮሚያ ህንፃ ወደ ቦሌ ኦሎምፒያ ጌቱ ኮሜርሻል አጠገብ ራዩማ ህንፃ 1ኛ ፎቅ 119 ቁጥር የተዘዋወረን መሆኑን በአክብሮት እንገልፃለን።,2024-08-12 08:24:44+00:00,
ኩሩ/kuru/ 🇪🇹 wear ®️,@kuruwear,1359,"100% ንፁ ቆዳ የተሰሩ ጫማዎች
🇪🇹 የሀገራችን ምርት 🇪🇹
     🔥2800 ብር ብቻ🔥
☎️ 0911871330
🏢ቦሌ መደሐንያለም ኦሮሚያ ህንፃ 1ኛ ፎቅ 104 ቁጥር
             ኩሩ ጫማ
የቴሌግራም አባል ይሁኑ T.me/kuruwear
👉 Code 488",2024-08-09 13:15:38+00:00,kuruwear_photos/@kuruwear_1359.jpg
ኩሩ/kuru/ 🇪🇹 wear ®️,@kuruwear,1358,"100% ንፁ ቆዳ የተሰሩ ጫማዎች
🇪🇹 የሀገራችን ምርት 🇪🇹
     🔥2800 ብር ብቻ🔥
☎️ 0911871330
🏢ቦሌ ኦሎምፒያ ጌቱ ኮሜርሻል አጠገብ ራዩማ ህንፃ 119 ቁጥር
             ኩሩ ጫማ
የቴሌግራም አባል ይሁኑ T.me/kuruwear
👉 Code 489",2024-07-31 12:10:22+00:00,kuruwear_photos/@kuruwear_1358.jpg
ኩሩ/kuru/ 🇪🇹 wear ®️,@kuruwear,1357,"100% ንፁ ቆዳ የተሰሩ ጫማዎች
🇪🇹 የሀገራችን ምርት 🇪🇹
     🔥2800 ብር ብቻ🔥
☎️ 0911871330
🏢ቦሌ መደሐንያለም ኦሮሚያ ህንፃ 1ኛ ፎቅ 104 ቁጥር
             ኩሩ ጫማ
የቴሌግራም አባል ይሁኑ T.me/kuruwear
👉 Code 454",2024-07-29 12:44:12+00:00,kuruwear_photos/@kuruwear_1357.jpg
ኩሩ/kuru/ 🇪🇹 wear ®️,@kuruwear,1356,"100% ንፁ ቆዳ የተሰሩ ጫማዎች
🇪🇹 የሀገራችን ምርት 🇪🇹
     🔥2800 ብር ብቻ🔥
☎️ 0911871330
🏢ቦሌ መደሐንያለም ኦሮሚያ ህንፃ 1ኛ ፎቅ 104 ቁጥር
             ኩሩ ጫማ
የቴሌግራም አባል ይሁኑ T.me/kuruwear
👉 Code 468",2024-07-29 12:43:59+00:00,kuruwear_photos/@kuruwear_1356.jpg
ኩሩ/kuru/ 🇪🇹 wear ®️,@kuruwear,1355,"100% ንፁ ቆዳ የተሰሩ ጫማዎች
🇪🇹 የሀገራችን ምርት 🇪🇹
     🔥2400 ብር ብቻ🔥
☎️ 0911871330
🏢ቦሌ መደሐንያለም ኦሮሚያ ህንፃ 1ኛ ፎቅ 104 ቁጥር
             ኩሩ ጫማ
የቴሌግራም አባል ይሁኑ T.me/kuruwear
👉 Code 458",2024-07-29 12:43:47+00:00,kuruwear_photos/@kuruwear_1355.jpg
ኩሩ/kuru/ 🇪🇹 wear ®️,@kuruwear,1354,"100% ንፁ ቆዳ የተሰሩ ጫማዎች
🇪🇹 የሀገራችን ምርት 🇪🇹
     🔥2400 ብር ብቻ🔥
☎️ 0911871330
🏢ቦሌ መደሐንያለም ኦሮሚያ ህንፃ 1ኛ ፎቅ 104 ቁጥር
             ኩሩ ጫማ
የቴሌግራም አባል ይሁኑ T.me/kuruwear
👉 Code 455",2024-07-29 12:43:32+00:00,kuruwear_photos/@kuruwear_1354.jpg
ኩሩ/kuru/ 🇪🇹 wear ®️,@kuruwear,1353,"100% ንፁ ቆዳ የተሰሩ ጫማዎች
🇪🇹 የሀገራችን ምርት 🇪🇹
     🔥2800 ብር ብቻ🔥
☎️ 0911871330
🏢ቦሌ መደሐንያለም ኦሮሚያ ህንፃ 1ኛ ፎቅ 104 ቁጥር
             ኩሩ ጫማ
የቴሌግራም አባል ይሁኑ T.me/kuruwear
👉 Code 473",2024-07-29 12:43:11+00:00,kuruwear_photos/@kuruwear_1353.jpg
ኩሩ/kuru/ 🇪🇹 wear ®️,@kuruwear,1352,"100% ንፁ ቆዳ የተሰሩ ጫማዎች
🇪🇹 የሀገራችን ምርት 🇪🇹
     🔥2800 ብር ብቻ🔥
☎️ 0911871330
🏢ቦሌ መደሐንያለም ኦሮሚያ ህንፃ 1ኛ ፎቅ 104 ቁጥር
             ኩሩ ጫማ
የቴሌግራም አባል ይሁኑ T.me/kuruwear
👉 Code 477",2024-07-29 12:43:00+00:00,kuruwear_photos/@kuruwear_1352.jpg
ኩሩ/kuru/ 🇪🇹 wear ®️,@kuruwear,1350,"100% ንፁ ቆዳ የተሰሩ ጫማዎች
🇪🇹 የሀገራችን ምርት 🇪🇹
     🔥2800 ብር ብቻ🔥
☎️ 0911871330
🏢ቦሌ መደሐንያለም ኦሮሚያ ህንፃ 1ኛ ፎቅ 104 ቁጥር
             ኩሩ ጫማ
የቴሌግራም አባል ይሁኑ T.me/kuruwear
👉 Code 486",2024-07-24 13:15:50+00:00,kuruwear_photos/@kuruwear_1350.jpg
ኩሩ/kuru/ 🇪🇹 wear ®️,@kuruwear,1349,"100% ንፁ ቆዳ የተሰሩ ጫማዎች
🇪🇹 የሀገራችን ምርት 🇪🇹
     🔥2500 ብር ብቻ🔥
☎️ 0911871330
🏢ቦሌ መደሐንያለም ኦሮሚያ ህንፃ 1ኛ ፎቅ 104 ቁጥር
             ኩሩ ጫማ
የቴሌግራም አባል ይሁኑ T.me/kuruwear
👉 Code 485",2024-07-16 07:53:32+00:00,kuruwear_photos/@kuruwear_1349.jpg
ኩሩ/kuru/ 🇪🇹 wear ®️,@kuruwear,1348,"100% ንፁ ቆዳ የተሰሩ ጫማዎች
🇪🇹 የሀገራችን ምርት 🇪🇹
     🔥2400 ብር ብቻ🔥
☎️ 0911871330
🏢ቦሌ መደሐንያለም ኦሮሚያ ህንፃ 1ኛ ፎቅ 104 ቁጥር
             ኩሩ ጫማ
የቴሌግራም አባል ይሁኑ T.me/kuruwear
👉 Code 484",2024-07-06 14:33:23+00:00,kuruwear_photos/@kuruwear_1348.jpg
ኩሩ/kuru/ 🇪🇹 wear ®️,@kuruwear,1347,"100% ንፁ ቆዳ የተሰሩ ጫማዎች
🇪🇹 የሀገራችን ምርት 🇪🇹
     🔥2600 ብር ብቻ🔥
☎️ 0911871330
🏢ቦሌ መደሐንያለም ኦሮሚያ ህንፃ 1ኛ ፎቅ 104 ቁጥር
             ኩሩ ጫማ
የቴሌግራም አባል ይሁኑ T.me/kuruwear
👉 Code 483",2024-06-21 07:38:39+00:00,kuruwear_photos/@kuruwear_1347.jpg
ኩሩ/kuru/ 🇪🇹 wear ®️,@kuruwear,1346,"100% ንፁ ቆዳ የተሰሩ ጫማዎች
🇪🇹 የሀገራችን ምርት 🇪🇹
     🔥2600 ብር ብቻ🔥
☎️ 0911871330
🏢ቦሌ መደሐንያለም ኦሮሚያ ህንፃ 1ኛ ፎቅ 104 ቁጥር
             ኩሩ ጫማ
የቴሌግራም አባል ይሁኑ T.me/kuruwear
👉 Code 482",2024-06-13 07:56:47+00:00,kuruwear_photos/@kuruwear_1346.jpg
ኩሩ/kuru/ 🇪🇹 wear ®️,@kuruwear,1345,"100% ንፁ ቆዳ የተሰሩ ጫማዎች
🇪🇹 የሀገራችን ምርት 🇪🇹
     🔥2800 ብር ብቻ🔥
☎️ 0911871330
🏢ቦሌ መደሐንያለም ኦሮሚያ ህንፃ 1ኛ ፎቅ 104 ቁጥር
             ኩሩ ጫማ
የቴሌግራም አባል ይሁኑ T.me/kuruwear
👉 Code 481",2024-06-03 09:09:33+00:00,kuruwear_photos/@kuruwear_1345.jpg
ኩሩ/kuru/ 🇪🇹 wear ®️,@kuruwear,1344,"100% ንፁ ቆዳ የተሰሩ ጫማዎች
🇪🇹 የሀገራችን ምርት 🇪🇹
     🔥2300 ብር ብቻ🔥
☎️ 0911871330
🏢ቦሌ መደሐንያለም ኦሮሚያ ህንፃ 1ኛ ፎቅ 104 ቁጥር
             ኩሩ ጫማ
የቴሌግራም አባል ይሁኑ T.me/kuruwear
👉 Code 479",2024-05-31 09:05:57+00:00,kuruwear_photos/@kuruwear_1344.jpg
ኩሩ/kuru/ 🇪🇹 wear ®️,@kuruwear,1343,"100% ንፁ ቆዳ የተሰሩ ጫማዎች
🇪🇹 የሀገራችን ምርት 🇪🇹
     🔥2800 ብር ብቻ🔥
☎️ 0911871330
🏢ቦሌ መደሐንያለም ኦሮሚያ ህንፃ 1ኛ ፎቅ 104 ቁጥር
             ኩሩ ጫማ
የቴሌግራም አባል ይሁኑ T.me/kuruwear
👉 Code 340",2024-05-31 09:05:39+00:00,kuruwear_photos/@kuruwear_1343.jpg
ኩሩ/kuru/ 🇪🇹 wear ®️,@kuruwear,1342,"100% ንፁ ቆዳ የተሰሩ ጫማዎች
🇪🇹 የሀገራችን ምርት 🇪🇹
     🔥2600 ብር ብቻ🔥
☎️ 0911871330
🏢ቦሌ መደሐንያለም ኦሮሚያ ህንፃ 1ኛ ፎቅ 104 ቁጥር
             ኩሩ ጫማ
የቴሌግራም አባል ይሁኑ T.me/kuruwear
👉 Code 480",2024-05-31 09:05:21+00:00,kuruwear_photos/@kuruwear_1342.jpg
ኩሩ/kuru/ 🇪🇹 wear ®️,@kuruwear,1341,"100% ንፁ ቆዳ የተሰሩ ጫማዎች
🇪🇹 የሀገራችን ምርት 🇪🇹
     🔥2800 ብር ብቻ🔥
☎️ 0911871330
🏢ቦሌ መደሐንያለም ኦሮሚያ ህንፃ 1ኛ ፎቅ 104 ቁጥር
             ኩሩ ጫማ
የቴሌግራም አባል ይሁኑ T.me/kuruwear
👉 Code 459",2024-05-18 14:01:13+00:00,kuruwear_photos/@kuruwear_1341.jpg
ኩሩ/kuru/ 🇪🇹 wear ®️,@kuruwear,1340,"100% ንፁ ቆዳ የተሰሩ ጫማዎች
🇪🇹 የሀገራችን ምርት 🇪🇹
     🔥2800 ብር ብቻ🔥
☎️ 0911871330
🏢ቦሌ መደሐንያለም ኦሮሚያ ህንፃ 1ኛ ፎቅ 104 ቁጥር
             ኩሩ ጫማ
የቴሌግራም አባል ይሁኑ T.me/kuruwear
👉 Code 479",2024-05-17 06:39:03+00:00,kuruwear_photos/@kuruwear_1340.jpg
ኩሩ/kuru/ 🇪🇹 wear ®️,@kuruwear,1339,"100% ንፁ ቆዳ የተሰሩ ጫማዎች
🇪🇹 የሀገራችን ምርት 🇪🇹
     🔥2800 ብር ብቻ🔥
☎️ 0911871330
🏢ቦሌ መደሐንያለም ኦሮሚያ ህንፃ 1ኛ ፎቅ 104 ቁጥር
             ኩሩ ጫማ
የቴሌግራም አባል ይሁኑ T.me/kuruwear
👉 Code 478",2024-05-14 12:04:52+00:00,kuruwear_photos/@kuruwear_1339.jpg
ኩሩ/kuru/ 🇪🇹 wear ®️,@kuruwear,1338,"100% ንፁ ቆዳ የተሰሩ ጫማዎች
🇪🇹 የሀገራችን ምርት 🇪🇹
     🔥2800 ብር ብቻ🔥
☎️ 0911871330
🏢ቦሌ መደሐንያለም ኦሮሚያ ህንፃ 1ኛ ፎቅ 104 ቁጥር
             ኩሩ ጫማ
የቴሌግራም አባል ይሁኑ T.me/kuruwear
👉 Code 477",2024-05-14 10:48:35+00:00,kuruwear_photos/@kuruwear_1338.jpg
ኩሩ/kuru/ 🇪🇹 wear ®️,@kuruwear,1337,"100% ንፁ ቆዳ የተሰሩ ጫማዎች
🇪🇹 የሀገራችን ምርት 🇪🇹
     🔥2600 ብር ብቻ🔥
☎️ 0911871330
🏢ቦሌ መደሐንያለም ኦሮሚያ ህንፃ 1ኛ ፎቅ 104 ቁጥር
             ኩሩ ጫማ
የቴሌግራም አባል ይሁኑ T.me/kuruwear
👉 Code 475",2024-05-09 12:37:01+00:00,kuruwear_photos/@kuruwear_1337.jpg
ኩሩ/kuru/ 🇪🇹 wear ®️,@kuruwear,1336,"100% ንፁ ቆዳ የተሰሩ ጫማዎች
🇪🇹 የሀገራችን ምርት 🇪🇹
     🔥2600 ብር ብቻ🔥
☎️ 0911871330
🏢ቦሌ መደሐንያለም ኦሮሚያ ህንፃ 1ኛ ፎቅ 104 ቁጥር
             ኩሩ ጫማ
የቴሌግራም አባል ይሁኑ T.me/kuruwear
👉 Code 476",2024-05-09 12:36:50+00:00,kuruwear_photos/@kuruwear_1336.jpg
ኩሩ/kuru/ 🇪🇹 wear ®️,@kuruwear,1335,"100% ንፁ ቆዳ የተሰሩ ጫማዎች
🇪🇹 የሀገራችን ምርት 🇪🇹
     🔥2300 ብር ብቻ🔥
☎️ 0911871330
🏢ቦሌ መደሐንያለም ኦሮሚያ ህንፃ 1ኛ ፎቅ 104 ቁጥር
             ኩሩ ጫማ
የቴሌግራም አባል ይሁኑ T.me/kuruwear
👉 Code 474",2024-05-08 10:28:54+00:00,kuruwear_photos/@kuruwear_1335.jpg
ኩሩ/kuru/ 🇪🇹 wear ®️,@kuruwear,1334,"100% ንፁ ቆዳ የተሰሩ ጫማዎች
🇪🇹 የሀገራችን ምርት 🇪🇹
     🔥2800 ብር ብቻ🔥
☎️ 0911871330
🏢ቦሌ መደሐንያለም ኦሮሚያ ህንፃ 1ኛ ፎቅ 104 ቁጥር
             ኩሩ ጫማ
የቴሌግራም አባል ይሁኑ T.me/kuruwear
👉 Code 473",2024-05-02 10:27:46+00:00,kuruwear_photos/@kuruwear_1334.jpg
ኩሩ/kuru/ 🇪🇹 wear ®️,@kuruwear,1333,"100% ንፁ ቆዳ የተሰሩ ጫማዎች
🇪🇹 የሀገራችን ምርት 🇪🇹
     🔥2500 ብር ብቻ🔥
☎️ 0911871330
🏢ቦሌ መደሐንያለም ኦሮሚያ ህንፃ 1ኛ ፎቅ 104 ቁጥር
             ኩሩ ጫማ
የቴሌግራም አባል ይሁኑ T.me/kuruwear
👉 Code 472",2024-05-01 12:11:08+00:00,kuruwear_photos/@kuruwear_1333.jpg
ኩሩ/kuru/ 🇪🇹 wear ®️,@kuruwear,1332,"100% ንፁ ቆዳ የተሰሩ ጫማዎች
🇪🇹 የሀገራችን ምርት 🇪🇹
     🔥2600 ብር ብቻ🔥
☎️ 0911871330
🏢ቦሌ መደሐንያለም ኦሮሚያ ህንፃ 1ኛ ፎቅ 104 ቁጥር
             ኩሩ ጫማ
የቴሌግራም አባል ይሁኑ T.me/kuruwear
👉 Code 471",2024-04-24 10:16:30+00:00,kuruwear_photos/@kuruwear_1332.jpg
ኩሩ/kuru/ 🇪🇹 wear ®️,@kuruwear,1331,"100% ንፁ ቆዳ የተሰሩ ጫማዎች
🇪🇹 የሀገራችን ምርት 🇪🇹
     🔥2800 ብር ብቻ🔥
☎️ 0911871330
🏢ቦሌ መደሐንያለም ኦሮሚያ ህንፃ 1ኛ ፎቅ 104 ቁጥር
             ኩሩ ጫማ
የቴሌግራም አባል ይሁኑ T.me/kuruwear
👉 Code 350",2024-04-22 12:23:37+00:00,kuruwear_photos/@kuruwear_1331.jpg
ኩሩ/kuru/ 🇪🇹 wear ®️,@kuruwear,1330,"100% ንፁ ቆዳ የተሰሩ ጫማዎች
🇪🇹 የሀገራችን ምርት 🇪🇹
     🔥2600 ብር ብቻ🔥
☎️ 0911871330
🏢ቦሌ መደሐንያለም ኦሮሚያ ህንፃ 1ኛ ፎቅ 104 ቁጥር
             ኩሩ ጫማ
የቴሌግራም አባል ይሁኑ T.me/kuruwear
👉 Code 469",2024-04-15 11:20:54+00:00,kuruwear_photos/@kuruwear_1330.jpg
ኩሩ/kuru/ 🇪🇹 wear ®️,@kuruwear,1329,"100% ንፁ ቆዳ የተሰሩ ጫማዎች
🇪🇹 የሀገራችን ምርት 🇪🇹
     🔥2600 ብር ብቻ🔥
☎️ 0911871330
🏢ቦሌ መደሐንያለም ኦሮሚያ ህንፃ 1ኛ ፎቅ 104 ቁጥር
             ኩሩ ጫማ
የቴሌግራም አባል ይሁኑ T.me/kuruwear
👉 Code 470",2024-04-15 11:20:41+00:00,kuruwear_photos/@kuruwear_1329.jpg
ኩሩ/kuru/ 🇪🇹 wear ®️,@kuruwear,1328,"100% ንፁ ቆዳ የተሰሩ ጫማዎች
🇪🇹 የሀገራችን ምርት 🇪🇹
     🔥2800 ብር ብቻ🔥
☎️ 0911871330
🏢ቦሌ መደሐንያለም ኦሮሚያ ህንፃ 1ኛ ፎቅ 104 ቁጥር
             ኩሩ ጫማ
የቴሌግራም አባል ይሁኑ T.me/kuruwear
👉 Code 468",2024-04-13 06:41:58+00:00,kuruwear_photos/@kuruwear_1328.jpg
ኩሩ/kuru/ 🇪🇹 wear ®️,@kuruwear,1327,"100% ንፁ ቆዳ የተሰሩ ጫማዎች
🇪🇹 የሀገራችን ምርት 🇪🇹
     🔥2500 ብር ብቻ🔥
☎️ 0911871330
🏢ቦሌ መደሐንያለም ኦሮሚያ ህንፃ 1ኛ ፎቅ 104 ቁጥር
             ኩሩ ጫማ
የቴሌግራም አባል ይሁኑ T.me/kuruwear
👉 Code 467",2024-04-08 18:03:32+00:00,kuruwear_photos/@kuruwear_1327.jpg
ኩሩ/kuru/ 🇪🇹 wear ®️,@kuruwear,1326,"100% ንፁ ቆዳ የተሰሩ ጫማዎች
🇪🇹 የሀገራችን ምርት 🇪🇹
     🔥2500 ብር ብቻ🔥
☎️ 0911871330
🏢ቦሌ መደሐንያለም ኦሮሚያ ህንፃ 1ኛ ፎቅ 104 ቁጥር
             ኩሩ ጫማ
የቴሌግራም አባል ይሁኑ T.me/kuruwear
👉 Code 466",2024-04-04 09:59:41+00:00,kuruwear_photos/@kuruwear_1326.jpg
ኩሩ/kuru/ 🇪🇹 wear ®️,@kuruwear,1325,,2024-04-03 14:36:28+00:00,
ኩሩ/kuru/ 🇪🇹 wear ®️,@kuruwear,1324,,2024-04-03 11:19:37+00:00,
ኩሩ/kuru/ 🇪🇹 wear ®️,@kuruwear,1323,"100% ንፁ ቆዳ የተሰሩ ጫማዎች
🇪🇹 የሀገራችን ምርት 🇪🇹
     🔥2400 ብር ብቻ🔥
☎️ 0911871330
🏢ቦሌ መደሐንያለም ኦሮሚያ ህንፃ 1ኛ ፎቅ 104 ቁጥር
             ኩሩ ጫማ
የቴሌግራም አባል ይሁኑ T.me/kuruwear
👉 Code 464",2024-04-02 10:53:14+00:00,kuruwear_photos/@kuruwear_1323.jpg
ኩሩ/kuru/ 🇪🇹 wear ®️,@kuruwear,1322,"100% ንፁ ቆዳ የተሰሩ ጫማዎች
🇪🇹 የሀገራችን ምርት 🇪🇹
     🔥2800 ብር ብቻ🔥
☎️ 0911871330
🏢ቦሌ መደሐንያለም ኦሮሚያ ህንፃ 1ኛ ፎቅ 104 ቁጥር
             ኩሩ ጫማ
የቴሌግራም አባል ይሁኑ T.me/kuruwear
👉 Code 463",2024-04-02 10:52:56+00:00,kuruwear_photos/@kuruwear_1322.jpg
ኩሩ/kuru/ 🇪🇹 wear ®️,@kuruwear,1321,"100% ንፁ ቆዳ የተሰሩ ጫማዎች
🇪🇹 የሀገራችን ምርት 🇪🇹
     🔥2800 ብር ብቻ🔥
☎️ 0911871330
🏢ቦሌ መደሐንያለም ኦሮሚያ ህንፃ 1ኛ ፎቅ 104 ቁጥር
             ኩሩ ጫማ
የቴሌግራም አባል ይሁኑ T.me/kuruwear
👉 Code 465",2024-04-02 10:52:43+00:00,kuruwear_photos/@kuruwear_1321.jpg
ኩሩ/kuru/ 🇪🇹 wear ®️,@kuruwear,1320,"100% ንፁ ቆዳ የተሰሩ ጫማዎች
🇪🇹 የሀገራችን ምርት 🇪🇹
     🔥2300 ብር ብቻ🔥
☎️ 0911871330
🏢ቦሌ መደሐንያለም ኦሮሚያ ህንፃ 1ኛ ፎቅ 104 ቁጥር
             ኩሩ ጫማ
የቴሌግራም አባል ይሁኑ T.me/kuruwear
👉 Code 462",2024-04-02 10:52:28+00:00,kuruwear_photos/@kuruwear_1320.jpg
ኩሩ/kuru/ 🇪🇹 wear ®️,@kuruwear,1319,"100% ንፁ ቆዳ የተሰሩ ጫማዎች
🇪🇹 የሀገራችን ምርት 🇪🇹
     🔥2300 ብር ብቻ🔥
☎️ 0911871330
🏢ቦሌ መደሐንያለም ኦሮሚያ ህንፃ 1ኛ ፎቅ 104 ቁጥር
             ኩሩ ጫማ
የቴሌግራም አባል ይሁኑ T.me/kuruwear
👉 Code 333",2024-04-02 10:52:05+00:00,kuruwear_photos/@kuruwear_1319.jpg
ኩሩ/kuru/ 🇪🇹 wear ®️,@kuruwear,1318,"100% ንፁ ቆዳ የተሰሩ ጫማዎች
🇪🇹 የሀገራችን ምርት 🇪🇹
     🔥2500 ብር ብቻ🔥
☎️ 0911871330
🏢ቦሌ መደሐንያለም ኦሮሚያ ህንፃ 1ኛ ፎቅ 104 ቁጥር
             ኩሩ ጫማ
የቴሌግራም አባል ይሁኑ T.me/kuruwear
👉 Code 461",2024-03-28 11:44:54+00:00,kuruwear_photos/@kuruwear_1318.jpg
ኩሩ/kuru/ 🇪🇹 wear ®️,@kuruwear,1317,"T.me/kuruwear100% ንፁ ቆዳ የተሰሩ ጫማዎች
🇪🇹 የሀገራችን ምርት 🇪🇹
     🔥2800 ብር ብቻ🔥
☎️ 0911871330
🏢ቦሌ መደሐንያለም ኦሮሚያ ህንፃ 1ኛ ፎቅ 104 ቁጥር
             ኩሩ ጫማ
የቴሌግራም አባል ይሁኑ T.me/kuruwear
👉 Code 460",2024-03-28 11:44:29+00:00,kuruwear_photos/@kuruwear_1317.jpg
ኩሩ/kuru/ 🇪🇹 wear ®️,@kuruwear,1316,"100% ንፁ ቆዳ የተሰሩ ጫማዎች
🇪🇹 የሀገራችን ምርት 🇪🇹
     🔥2400 ብር ብቻ🔥
☎️ 0911871330
🏢ቦሌ መደሐንያለም ኦሮሚያ ህንፃ 1ኛ ፎቅ 104 ቁጥር
             ኩሩ ጫማ
የቴሌግራም አባል ይሁኑ T.me/kuruwear
👉 Code 458",2024-03-06 12:12:52+00:00,kuruwear_photos/@kuruwear_1316.jpg
ኩሩ/kuru/ 🇪🇹 wear ®️,@kuruwear,1315,"100% ንፁ ቆዳ የተሰሩ ጫማዎች
🇪🇹 የሀገራችን ምርት 🇪🇹
     🔥2300 ብር ብቻ🔥
☎️ 0911871330
🏢ቦሌ መደሐንያለም ኦሮሚያ ህንፃ 1ኛ ፎቅ 104 ቁጥር
             ኩሩ ጫማ
የቴሌግራም አባል ይሁኑ T.me/kuruwear
👉 Code 457",2024-02-24 12:28:13+00:00,kuruwear_photos/@kuruwear_1315.jpg
ኩሩ/kuru/ 🇪🇹 wear ®️,@kuruwear,1313,"100% ንፁ ቆዳ የተሰሩ ጫማዎች
🇪🇹 የሀገራችን ምርት 🇪🇹
     🔥2300 ብር ብቻ🔥
☎️ 0911871330
🏢ቦሌ መደሐንያለም ኦሮሚያ ህንፃ 1ኛ ፎቅ 104 ቁጥር
             ኩሩ ጫማ
የቴሌግራም አባል ይሁኑ T.me/kuruwear
👉 Code 456",2024-02-17 13:26:08+00:00,kuruwear_photos/@kuruwear_1313.jpg
ኩሩ/kuru/ 🇪🇹 wear ®️,@kuruwear,1312,"100% ንፁ ቆዳ የተሰሩ ጫማዎች
🇪🇹 የሀገራችን ምርት 🇪🇹
     🔥2400 ብር ብቻ🔥
☎️ 0911871330
🏢ቦሌ መደሐንያለም ኦሮሚያ ህንፃ 1ኛ ፎቅ 104 ቁጥር
             ኩሩ ጫማ
የቴሌግራም አባል ይሁኑ T.me/kuruwear
👉 Code 455",2024-02-17 13:25:36+00:00,kuruwear_photos/@kuruwear_1312.jpg
ኩሩ/kuru/ 🇪🇹 wear ®️,@kuruwear,1311,"100% ንፁ ቆዳ የተሰሩ ጫማዎች
🇪🇹 የሀገራችን ምርት 🇪🇹
     🔥2800 ብር ብቻ🔥
☎️ 0911871330
🏢ቦሌ መደሐንያለም ኦሮሚያ ህንፃ 1ኛ ፎቅ 104 ቁጥር
             ኩሩ ጫማ
የቴሌግራም አባል ይሁኑ T.me/kuruwear
👉 Code 454",2024-02-17 09:17:36+00:00,kuruwear_photos/@kuruwear_1311.jpg
ኩሩ/kuru/ 🇪🇹 wear ®️,@kuruwear,1308,"100% ንፁ ቆዳ የተሰሩ ጫማዎች
🇪🇹 የሀገራችን ምርት 🇪🇹
     🔥2800 ብር ብቻ🔥
☎️ 0911871330
🏢ቦሌ መደሐንያለም ኦሮሚያ ህንፃ 1ኛ ፎቅ 104 ቁጥር
             ኩሩ ጫማ
የቴሌግራም አባል ይሁኑ T.me/kuruwear
👉 Code 379",2024-02-14 11:30:00+00:00,kuruwear_photos/@kuruwear_1308.jpg
ኩሩ/kuru/ 🇪🇹 wear ®️,@kuruwear,1307,"100% ንፁ ቆዳ የተሰሩ ጫማዎች
🇪🇹 የሀገራችን ምርት 🇪🇹
     🔥2800 ብር ብቻ🔥
☎️ 0911871330
🏢ቦሌ መደሐንያለም ኦሮሚያ ህንፃ 1ኛ ፎቅ 104 ቁጥር
             ኩሩ ጫማ
የቴሌግራም አባል ይሁኑ T.me/kuruwear
👉 Code 331",2024-02-14 11:29:21+00:00,kuruwear_photos/@kuruwear_1307.jpg
ኩሩ/kuru/ 🇪🇹 wear ®️,@kuruwear,1306,,2024-02-03 11:08:09+00:00,
ኩሩ/kuru/ 🇪🇹 wear ®️,@kuruwear,1305,,2023-12-26 19:25:45+00:00,kuruwear_photos/@kuruwear_1305.jpg
ኩሩ/kuru/ 🇪🇹 wear ®️,@kuruwear,1304,,2023-12-26 19:25:45+00:00,kuruwear_photos/@kuruwear_1304.jpg
ኩሩ/kuru/ 🇪🇹 wear ®️,@kuruwear,1303,,2023-12-26 19:25:45+00:00,kuruwear_photos/@kuruwear_1303.jpg
ኩሩ/kuru/ 🇪🇹 wear ®️,@kuruwear,1302,,2023-12-26 19:25:45+00:00,kuruwear_photos/@kuruwear_1302.jpg
ኩሩ/kuru/ 🇪🇹 wear ®️,@kuruwear,1301,,2023-11-19 18:20:44+00:00,kuruwear_photos/@kuruwear_1301.jpg
ኩሩ/kuru/ 🇪🇹 wear ®️,@kuruwear,1300,,2023-11-19 18:20:44+00:00,kuruwear_photos/@kuruwear_1300.jpg
ኩሩ/kuru/ 🇪🇹 wear ®️,@kuruwear,1299,,2023-11-19 18:20:44+00:00,kuruwear_photos/@kuruwear_1299.jpg
ኩሩ/kuru/ 🇪🇹 wear ®️,@kuruwear,1298,,2023-11-19 18:20:43+00:00,kuruwear_photos/@kuruwear_1298.jpg
ኩሩ/kuru/ 🇪🇹 wear ®️,@kuruwear,1297,,2023-11-19 18:20:43+00:00,kuruwear_photos/@kuruwear_1297.jpg
ኩሩ/kuru/ 🇪🇹 wear ®️,@kuruwear,1296,,2023-11-19 18:20:43+00:00,kuruwear_photos/@kuruwear_1296.jpg
ኩሩ/kuru/ 🇪🇹 wear ®️,@kuruwear,1295,,2023-11-19 18:20:42+00:00,kuruwear_photos/@kuruwear_1295.jpg
ኩሩ/kuru/ 🇪🇹 wear ®️,@kuruwear,1294,,2023-11-19 18:20:42+00:00,kuruwear_photos/@kuruwear_1294.jpg
ኩሩ/kuru/ 🇪🇹 wear ®️,@kuruwear,1293,,2023-11-19 18:20:42+00:00,kuruwear_photos/@kuruwear_1293.jpg
ኩሩ/kuru/ 🇪🇹 wear ®️,@kuruwear,1292,,2023-11-19 18:20:41+00:00,kuruwear_photos/@kuruwear_1292.jpg
ኩሩ/kuru/ 🇪🇹 wear ®️,@kuruwear,1291,,2023-11-19 18:20:41+00:00,kuruwear_photos/@kuruwear_1291.jpg
ኩሩ/kuru/ 🇪🇹 wear ®️,@kuruwear,1290,,2023-11-19 18:20:41+00:00,kuruwear_photos/@kuruwear_1290.jpg
ኩሩ/kuru/ 🇪🇹 wear ®️,@kuruwear,1289,,2023-11-19 18:20:40+00:00,kuruwear_photos/@kuruwear_1289.jpg
ኩሩ/kuru/ 🇪🇹 wear ®️,@kuruwear,1288,,2023-11-19 18:20:40+00:00,kuruwear_photos/@kuruwear_1288.jpg
ኩሩ/kuru/ 🇪🇹 wear ®️,@kuruwear,1287,,2023-11-19 18:20:40+00:00,kuruwear_photos/@kuruwear_1287.jpg
ኩሩ/kuru/ 🇪🇹 wear ®️,@kuruwear,1286,,2023-11-19 18:20:40+00:00,kuruwear_photos/@kuruwear_1286.jpg
ኩሩ/kuru/ 🇪🇹 wear ®️,@kuruwear,1285,,2023-11-19 18:20:39+00:00,kuruwear_photos/@kuruwear_1285.jpg
ኩሩ/kuru/ 🇪🇹 wear ®️,@kuruwear,1284,,2023-11-19 18:20:39+00:00,kuruwear_photos/@kuruwear_1284.jpg
ኩሩ/kuru/ 🇪🇹 wear ®️,@kuruwear,1283,,2023-11-19 18:20:39+00:00,kuruwear_photos/@kuruwear_1283.jpg
ኩሩ/kuru/ 🇪🇹 wear ®️,@kuruwear,1282,,2023-11-19 18:20:38+00:00,kuruwear_photos/@kuruwear_1282.jpg
ኩሩ/kuru/ 🇪🇹 wear ®️,@kuruwear,1281,,2023-11-19 18:20:38+00:00,kuruwear_photos/@kuruwear_1281.jpg
ኩሩ/kuru/ 🇪🇹 wear ®️,@kuruwear,1280,,2023-11-19 18:20:38+00:00,kuruwear_photos/@kuruwear_1280.jpg
ኩሩ/kuru/ 🇪🇹 wear ®️,@kuruwear,1279,,2023-11-19 18:20:37+00:00,kuruwear_photos/@kuruwear_1279.jpg
ኩሩ/kuru/ 🇪🇹 wear ®️,@kuruwear,1278,,2023-11-19 18:20:37+00:00,kuruwear_photos/@kuruwear_1278.jpg
ኩሩ/kuru/ 🇪🇹 wear ®️,@kuruwear,1277,,2023-11-19 18:20:36+00:00,kuruwear_photos/@kuruwear_1277.jpg
ኩሩ/kuru/ 🇪🇹 wear ®️,@kuruwear,1276,,2023-11-19 18:20:36+00:00,kuruwear_photos/@kuruwear_1276.jpg
ኩሩ/kuru/ 🇪🇹 wear ®️,@kuruwear,1275,,2023-11-19 18:20:35+00:00,kuruwear_photos/@kuruwear_1275.jpg
ኩሩ/kuru/ 🇪🇹 wear ®️,@kuruwear,1274,,2023-11-19 18:20:35+00:00,kuruwear_photos/@kuruwear_1274.jpg
ኩሩ/kuru/ 🇪🇹 wear ®️,@kuruwear,1273,,2023-11-19 18:20:35+00:00,kuruwear_photos/@kuruwear_1273.jpg
ኩሩ/kuru/ 🇪🇹 wear ®️,@kuruwear,1272,,2023-11-19 18:20:34+00:00,kuruwear_photos/@kuruwear_1272.jpg
ኩሩ/kuru/ 🇪🇹 wear ®️,@kuruwear,1271,,2023-11-19 18:20:34+00:00,kuruwear_photos/@kuruwear_1271.jpg
ኩሩ/kuru/ 🇪🇹 wear ®️,@kuruwear,1270,,2023-11-19 18:20:33+00:00,kuruwear_photos/@kuruwear_1270.jpg
ኩሩ/kuru/ 🇪🇹 wear ®️,@kuruwear,1269,,2023-11-19 18:20:33+00:00,kuruwear_photos/@kuruwear_1269.jpg
ኩሩ/kuru/ 🇪🇹 wear ®️,@kuruwear,1268,,2023-11-19 18:20:33+00:00,kuruwear_photos/@kuruwear_1268.jpg
ኩሩ/kuru/ 🇪🇹 wear ®️,@kuruwear,1267,,2023-11-19 18:20:32+00:00,kuruwear_photos/@kuruwear_1267.jpg
ኩሩ/kuru/ 🇪🇹 wear ®️,@kuruwear,1266,,2023-11-19 18:20:32+00:00,kuruwear_photos/@kuruwear_1266.jpg
ኩሩ/kuru/ 🇪🇹 wear ®️,@kuruwear,1265,,2023-11-19 18:20:31+00:00,kuruwear_photos/@kuruwear_1265.jpg
ኩሩ/kuru/ 🇪🇹 wear ®️,@kuruwear,1264,,2023-11-19 18:20:31+00:00,kuruwear_photos/@kuruwear_1264.jpg
ኩሩ/kuru/ 🇪🇹 wear ®️,@kuruwear,1263,,2023-11-19 18:20:30+00:00,kuruwear_photos/@kuruwear_1263.jpg
ኩሩ/kuru/ 🇪🇹 wear ®️,@kuruwear,1262,,2023-11-19 18:20:30+00:00,kuruwear_photos/@kuruwear_1262.jpg
ኩሩ/kuru/ 🇪🇹 wear ®️,@kuruwear,1261,,2023-11-19 18:20:29+00:00,kuruwear_photos/@kuruwear_1261.jpg
ኩሩ/kuru/ 🇪🇹 wear ®️,@kuruwear,1260,,2023-11-19 18:20:29+00:00,kuruwear_photos/@kuruwear_1260.jpg
ኩሩ/kuru/ 🇪🇹 wear ®️,@kuruwear,1259,,2023-11-19 18:20:23+00:00,kuruwear_photos/@kuruwear_1259.jpg
ኩሩ/kuru/ 🇪🇹 wear ®️,@kuruwear,1258,,2023-11-19 18:20:23+00:00,kuruwear_photos/@kuruwear_1258.jpg
ኩሩ/kuru/ 🇪🇹 wear ®️,@kuruwear,1257,,2023-11-19 18:20:22+00:00,kuruwear_photos/@kuruwear_1257.jpg
ኩሩ/kuru/ 🇪🇹 wear ®️,@kuruwear,1256,,2023-11-19 18:20:22+00:00,kuruwear_photos/@kuruwear_1256.jpg
ኩሩ/kuru/ 🇪🇹 wear ®️,@kuruwear,1255,,2023-11-19 18:20:21+00:00,kuruwear_photos/@kuruwear_1255.jpg
ኩሩ/kuru/ 🇪🇹 wear ®️,@kuruwear,1254,,2023-11-19 18:20:21+00:00,kuruwear_photos/@kuruwear_1254.jpg
ኩሩ/kuru/ 🇪🇹 wear ®️,@kuruwear,1253,,2023-11-19 18:20:20+00:00,kuruwear_photos/@kuruwear_1253.jpg
ኩሩ/kuru/ 🇪🇹 wear ®️,@kuruwear,1252,"100% ንፁ ቆዳ የተሰሩ ጫማዎች
🇪🇹 የሀገራችን ምርት 🇪🇹
     🔥2800 ብር ብቻ🔥
☎️ 0911871330
🏢ቦሌ መደሐንያለም ኦሮሚያ ህንፃ 1ኛ ፎቅ 104 ቁጥር
             ኩሩ ጫማ
የቴሌግራም አባል ይሁኑ T.me/kuruwear
👉 Code 384",2023-09-20 19:01:49+00:00,kuruwear_photos/@kuruwear_1252.jpg
ኩሩ/kuru/ 🇪🇹 wear ®️,@kuruwear,1251,,2023-09-12 08:35:17+00:00,kuruwear_photos/@kuruwear_1251.jpg
ኩሩ/kuru/ 🇪🇹 wear ®️,@kuruwear,1249,"100% ንፁ ቆዳ የተሰሩ ጫማዎች
🇪🇹 የሀገራችን ምርት 🇪🇹
     🔥2300 ብር ብቻ🔥
☎️ 0911871330
🏢ቦሌ መደሐንያለም ኦሮሚያ ህንፃ 1ኛ ፎቅ 104 ቁጥር
             ኩሩ ጫማ
የቴሌግራም አባል ይሁኑ T.me/kuruwear
👉 Code 382",2023-09-04 18:55:34+00:00,kuruwear_photos/@kuruwear_1249.jpg
ኩሩ/kuru/ 🇪🇹 wear ®️,@kuruwear,1248,"100% ንፁ ቆዳ የተሰሩ ጫማዎች
🇪🇹 የሀገራችን ምርት 🇪🇹
     🔥2300 ብር ብቻ🔥
☎️ 0911871330
🏢ቦሌ መደሐንያለም ኦሮሚያ ህንፃ 1ኛ ፎቅ 104 ቁጥር
             ኩሩ ጫማ
የቴሌግራም አባል ይሁኑ T.me/kuruwear
👉 Code 227",2023-09-04 18:55:08+00:00,kuruwear_photos/@kuruwear_1248.jpg
ኩሩ/kuru/ 🇪🇹 wear ®️,@kuruwear,1247,"100% ንፁ ቆዳ የተሰሩ ጫማዎች
🇪🇹 የሀገራችን ምርት 🇪🇹
     🔥2800 ብር ብቻ🔥
☎️ 0911871330
🏢ቦሌ መደሐንያለም ኦሮሚያ ህንፃ 1ኛ ፎቅ 104 ቁጥር
             ኩሩ ጫማ
የቴሌግራም አባል ይሁኑ T.me/kuruwear
👉 Code 380",2023-08-13 06:39:17+00:00,kuruwear_photos/@kuruwear_1247.jpg
ኩሩ/kuru/ 🇪🇹 wear ®️,@kuruwear,1246,"100% ንፁ ቆዳ የተሰሩ ጫማዎች
🇪🇹 የሀገራችን ምርት 🇪🇹
     🔥2600 ብር ብቻ🔥
☎️ 0911871330
🏢ቦሌ መደሐንያለም ኦሮሚያ ህንፃ 1ኛ ፎቅ 104 ቁጥር
             ኩሩ ጫማ
የቴሌግራም አባል ይሁኑ T.me/kuruwear
👉 Code 379",2023-08-13 06:39:03+00:00,kuruwear_photos/@kuruwear_1246.jpg
ኩሩ/kuru/ 🇪🇹 wear ®️,@kuruwear,1245,"100% ንፁ ቆዳ የተሰሩ ጫማዎች
🇪🇹 የሀገራችን ምርት 🇪🇹
     🔥2800 ብር ብቻ🔥
☎️ 0911871330
🏢ቦሌ መደሐንያለም ኦሮሚያ ህንፃ 1ኛ ፎቅ 104 ቁጥር
             ኩሩ ጫማ
የቴሌግራም አባል ይሁኑ T.me/kuruwear
👉 Code 351",2023-07-01 17:33:35+00:00,kuruwear_photos/@kuruwear_1245.jpg
ኩሩ/kuru/ 🇪🇹 wear ®️,@kuruwear,1244,"100% ንፁ ቆዳ የተሰሩ ጫማዎች
🇪🇹 የሀገራችን ምርት 🇪🇹
     🔥2600 ብር ብቻ🔥
☎️ 0911871330
🏢ቦሌ መደሐንያለም ኦሮሚያ ህንፃ 1ኛ ፎቅ 104 ቁጥር
             ኩሩ ጫማ
የቴሌግራም አባል ይሁኑ T.me/kuruwear
👉 Code 350",2023-07-01 17:33:17+00:00,kuruwear_photos/@kuruwear_1244.jpg
ኩሩ/kuru/ 🇪🇹 wear ®️,@kuruwear,1243,"100% ንፁ ቆዳ የተሰሩ ጫማዎች
🇪🇹 የሀገራችን ምርት 🇪🇹
     🔥800 ብር ብቻ🔥
☎️ 0911871330
🏢ቦሌ መደሐንያለም ኦሮሚያ ህንፃ 1ኛ ፎቅ 104 ቁጥር
             ኩሩ ጫማ
የቴሌግራም አባል ይሁኑ T.me/kuruwear
👉 Code 344",2023-07-01 17:32:58+00:00,kuruwear_photos/@kuruwear_1243.jpg
ኩሩ/kuru/ 🇪🇹 wear ®️,@kuruwear,1242,"100% ንፁ ቆዳ የተሰሩ ጫማዎች
🇪🇹 የሀገራችን ምርት 🇪🇹
     🔥2000 ብር ብቻ🔥
☎️ 0911871330
🏢ቦሌ መደሐንያለም ኦሮሚያ ህንፃ 1ኛ ፎቅ 104 ቁጥር
             ኩሩ ጫማ
የቴሌግራም አባል ይሁኑ T.me/kuruwear
👉 Code 349",2023-07-01 17:32:38+00:00,kuruwear_photos/@kuruwear_1242.jpg
ኩሩ/kuru/ 🇪🇹 wear ®️,@kuruwear,1241,"100% ንፁ ቆዳ የተሰሩ ጫማዎች
🇪🇹 የሀገራችን ምርት 🇪🇹
     🔥2000 ብር ብቻ🔥
☎️ 0911871330
🏢ቦሌ መደሐንያለም ኦሮሚያ ህንፃ 1ኛ ፎቅ 104 ቁጥር
             ኩሩ ጫማ
የቴሌግራም አባል ይሁኑ T.me/kuruwear
👉 Code 348",2023-07-01 17:32:22+00:00,kuruwear_photos/@kuruwear_1241.jpg
ኩሩ/kuru/ 🇪🇹 wear ®️,@kuruwear,1240,"100% ንፁ ቆዳ የተሰሩ ጫማዎች
🇪🇹 የሀገራችን ምርት 🇪🇹
     🔥2000 ብር ብቻ🔥
☎️ 0911871330
🏢ቦሌ መደሐንያለም ኦሮሚያ ህንፃ 1ኛ ፎቅ 104 ቁጥር
             ኩሩ ጫማ
የቴሌግራም አባል ይሁኑ T.me/kuruwear
👉 Code 347",2023-07-01 17:31:59+00:00,kuruwear_photos/@kuruwear_1240.jpg
ኩሩ/kuru/ 🇪🇹 wear ®️,@kuruwear,1239,"100% ንፁ ቆዳ የተሰሩ ጫማዎች
🇪🇹 የሀገራችን ምርት 🇪🇹
     🔥1800 ብር ብቻ🔥
☎️ 0911871330
🏢ቦሌ መደሐንያለም ኦሮሚያ ህንፃ 1ኛ ፎቅ 104 ቁጥር
             ኩሩ ጫማ
የቴሌግራም አባል ይሁኑ T.me/kuruwear
👉 Code 342",2023-07-01 17:31:36+00:00,kuruwear_photos/@kuruwear_1239.jpg
ኩሩ/kuru/ 🇪🇹 wear ®️,@kuruwear,1238,"100% ንፁ ቆዳ የተሰሩ ጫማዎች
🇪🇹 የሀገራችን ምርት 🇪🇹
     🔥2000 ብር ብቻ🔥
☎️ 0911871330
🏢ቦሌ መደሐንያለም ኦሮሚያ ህንፃ 1ኛ ፎቅ 104 ቁጥር
             ኩሩ ጫማ
የቴሌግራም አባል ይሁኑ T.me/kuruwear
👉 Code 346",2023-07-01 17:31:14+00:00,kuruwear_photos/@kuruwear_1238.jpg
ኩሩ/kuru/ 🇪🇹 wear ®️,@kuruwear,1237,"100% ንፁ ቆዳ የተሰሩ ጫማዎች
🇪🇹 የሀገራችን ምርት 🇪🇹
     🔥1800 ብር ብቻ🔥
☎️ 0911871330
🏢ቦሌ መደሐንያለም ኦሮሚያ ህንፃ 1ኛ ፎቅ 104 ቁጥር
             ኩሩ ጫማ
የቴሌግራም አባል ይሁኑ T.me/kuruwear
👉 Code 345",2023-07-01 17:30:55+00:00,kuruwear_photos/@kuruwear_1237.jpg
ኩሩ/kuru/ 🇪🇹 wear ®️,@kuruwear,1236,"100% ንፁ ቆዳ የተሰሩ ጫማዎች
🇪🇹 የሀገራችን ምርት 🇪🇹
     🔥1800 ብር ብቻ🔥
☎️ 0911871330
🏢ቦሌ መደሐንያለም ኦሮሚያ ህንፃ 1ኛ ፎቅ 104 ቁጥር
             ኩሩ ጫማ
የቴሌግራም አባል ይሁኑ T.me/kuruwear
👉 Code 343",2023-07-01 17:30:47+00:00,kuruwear_photos/@kuruwear_1236.jpg
ኩሩ/kuru/ 🇪🇹 wear ®️,@kuruwear,1235,"100% ንፁ ቆዳ የተሰሩ ጫማዎች
🇪🇹 የሀገራችን ምርት 🇪🇹
     🔥2600 ብር ብቻ🔥
☎️ 0911871330
🏢ቦሌ መደሐንያለም ኦሮሚያ ህንፃ 1ኛ ፎቅ 104 ቁጥር
             ኩሩ ጫማ
የቴሌግራም አባል ይሁኑ T.me/kuruwear
👉 Code 331",2023-06-29 14:30:42+00:00,kuruwear_photos/@kuruwear_1235.jpg
ኩሩ/kuru/ 🇪🇹 wear ®️,@kuruwear,1234,"100% ንፁ ቆዳ የተሰሩ ጫማዎች
🇪🇹 የሀገራችን ምርት 🇪🇹
     🔥2600 ብር ብቻ🔥
☎️ 0911871330
🏢ቦሌ መደሐንያለም ኦሮሚያ ህንፃ 1ኛ ፎቅ 104 ቁጥር
             ኩሩ ጫማ
የቴሌግራም አባል ይሁኑ T.me/kuruwear
👉 Code 340",2023-05-30 11:07:52+00:00,kuruwear_photos/@kuruwear_1234.jpg
ኩሩ/kuru/ 🇪🇹 wear ®️,@kuruwear,1233,"100% ንፁ ቆዳ የተሰሩ ጫማዎች
🇪🇹 የሀገራችን ምርት 🇪🇹
     🔥2300 ብር ብቻ🔥
☎️ 0911871330
🏢ቦሌ መደሐንያለም ኦሮሚያ ህንፃ 1ኛ ፎቅ 104 ቁጥር
             ኩሩ ጫማ
የቴሌግራም አባል ይሁኑ T.me/kuruwear
👉 Code 285",2023-05-14 15:45:59+00:00,kuruwear_photos/@kuruwear_1233.jpg
ኩሩ/kuru/ 🇪🇹 wear ®️,@kuruwear,1232,"100% ንፁ ቆዳ የተሰሩ ጫማዎች
🇪🇹 የሀገራችን ምርት 🇪🇹
     🔥2300 ብር ብቻ🔥
☎️ 0911871330
🏢ቦሌ መደሐንያለም ኦሮሚያ ህንፃ 1ኛ ፎቅ 104 ቁጥር
             ኩሩ ጫማ
የቴሌግራም አባል ይሁኑ T.me/kuruwear
👉 Code 310",2023-05-14 15:45:43+00:00,kuruwear_photos/@kuruwear_1232.jpg
ኩሩ/kuru/ 🇪🇹 wear ®️,@kuruwear,1231,"100% ንፁ ቆዳ የተሰሩ ጫማዎች
🇪🇹 የሀገራችን ምርት 🇪🇹
     🔥2300 ብር ብቻ🔥
☎️ 0911871330
🏢ቦሌ መደሐንያለም ኦሮሚያ ህንፃ 1ኛ ፎቅ 104 ቁጥር
             ኩሩ ጫማ
የቴሌግራም አባል ይሁኑ T.me/kuruwear
👉 Code 303",2023-05-14 15:44:34+00:00,kuruwear_photos/@kuruwear_1231.jpg
ኩሩ/kuru/ 🇪🇹 wear ®️,@kuruwear,1230,"100% ንፁ ቆዳ የተሰሩ ጫማዎች
🇪🇹 የሀገራችን ምርት 🇪🇹
     🔥2300 ብር ብቻ🔥
☎️ 0911871330
🏢ቦሌ መደሐንያለም ኦሮሚያ ህንፃ 1ኛ ፎቅ 104 ቁጥር
             ኩሩ ጫማ
የቴሌግራም አባል ይሁኑ T.me/kuruwear
👉 Code 322",2023-05-14 15:44:15+00:00,kuruwear_photos/@kuruwear_1230.jpg
ኩሩ/kuru/ 🇪🇹 wear ®️,@kuruwear,1229,"100% ንፁ ቆዳ የተሰሩ ጫማዎች
🇪🇹 የሀገራችን ምርት 🇪🇹
     🔥2200 ብር ብቻ🔥
☎️ 0911871330
🏢ቦሌ መደሐንያለም ኦሮሚያ ህንፃ 1ኛ ፎቅ 104 ቁጥር
             ኩሩ ጫማ
የቴሌግራም አባል ይሁኑ T.me/kuruwear
👉 Code 330",2023-05-14 15:43:58+00:00,kuruwear_photos/@kuruwear_1229.jpg
ኩሩ/kuru/ 🇪🇹 wear ®️,@kuruwear,1228,"100% ንፁ ቆዳ የተሰሩ ጫማዎች
🇪🇹 የሀገራችን ምርት 🇪🇹
     🔥2300 ብር ብቻ🔥
☎️ 0911871330
🏢ቦሌ መደሐንያለም ኦሮሚያ ህንፃ 1ኛ ፎቅ 104 ቁጥር
             ኩሩ ጫማ
የቴሌግራም አባል ይሁኑ T.me/kuruwear
👉 Code 334",2023-05-14 15:43:35+00:00,kuruwear_photos/@kuruwear_1228.jpg
ኩሩ/kuru/ 🇪🇹 wear ®️,@kuruwear,1227,"100% ንፁ ቆዳ የተሰሩ ጫማዎች
🇪🇹 የሀገራችን ምርት 🇪🇹
     🔥2600 ብር ብቻ🔥
☎️ 0911871330
🏢ቦሌ መደሐንያለም ኦሮሚያ ህንፃ 1ኛ ፎቅ 104 ቁጥር
             ኩሩ ጫማ
የቴሌግራም አባል ይሁኑ T.me/kuruwear
👉 Code 324",2023-05-14 15:43:20+00:00,kuruwear_photos/@kuruwear_1227.jpg
ኩሩ/kuru/ 🇪🇹 wear ®️,@kuruwear,1225,"ውድ የኩሩ ጫማ ቤተሰቦች በአንዳንድ እቃዎች ላይ ከሰኞ 07/09/15 ጀምሮ የዋጋ ጭማሪ እንደሚኖር ስናሳውቆ ከታላቅ አክብሮት ጋር ነው።
                    ኩሩ ጫማ።",2023-05-13 14:01:52+00:00,
ኩሩ/kuru/ 🇪🇹 wear ®️,@kuruwear,1224,"100% ንፁ ቆዳ የተሰሩ ጫማዎች
🇪🇹 የሀገራችን ምርት 🇪🇹
     🔥2300 ብር ብቻ🔥
☎️ 0911871330
🏢ቦሌ መደሐንያለም ኦሮሚያ ህንፃ 1ኛ ፎቅ 104 ቁጥር
             ኩሩ ጫማ
የቴሌግራም አባል ይሁኑ T.me/kuruwear
👉 Code 324",2023-04-27 06:08:22+00:00,kuruwear_photos/@kuruwear_1224.jpg
ኩሩ/kuru/ 🇪🇹 wear ®️,@kuruwear,1223,"100% ንፁ ቆዳ የተሰሩ ጫማዎች
🇪🇹 የሀገራችን ምርት 🇪🇹
     🔥2000 ብር ብቻ🔥
☎️ 0911871330
🏢ቦሌ መደሐንያለም ኦሮሚያ ህንፃ 1ኛ ፎቅ 104 ቁጥር
             ኩሩ ጫማ
የቴሌግራም አባል ይሁኑ T.me/kuruwear
👉 Code 318",2023-04-27 06:08:21+00:00,kuruwear_photos/@kuruwear_1223.jpg
ኩሩ/kuru/ 🇪🇹 wear ®️,@kuruwear,1222,"100% ንፁ ቆዳ የተሰሩ ጫማዎች
🇪🇹 የሀገራችን ምርት 🇪🇹
     🔥2000 ብር ብቻ🔥
☎️ 0911871330
🏢ቦሌ መደሐንያለም ኦሮሚያ ህንፃ 1ኛ ፎቅ 104 ቁጥር
             ኩሩ ጫማ
የቴሌግራም አባል ይሁኑ T.me/kuruwear
👉 Code 316",2023-04-27 06:08:21+00:00,kuruwear_photos/@kuruwear_1222.jpg
ኩሩ/kuru/ 🇪🇹 wear ®️,@kuruwear,1221,"100% ንፁ ቆዳ የተሰሩ ጫማዎች
🇪🇹 የሀገራችን ምርት 🇪🇹
     🔥1800 ብር ብቻ🔥
☎️ 0911871330
🏢ቦሌ መደሐንያለም ኦሮሚያ ህንፃ 1ኛ ፎቅ 104 ቁጥር
             ኩሩ ጫማ
የቴሌግራም አባል ይሁኑ T.me/kuruwear
👉 Code 309",2023-04-27 06:08:21+00:00,kuruwear_photos/@kuruwear_1221.jpg
ኩሩ/kuru/ 🇪🇹 wear ®️,@kuruwear,1220,"100% ንፁ ቆዳ የተሰሩ ጫማዎች
🇪🇹 የሀገራችን ምርት 🇪🇹
     🔥2000 ብር ብቻ🔥
☎️ 0911871330
🏢ቦሌ መደሐንያለም ኦሮሚያ ህንፃ 1ኛ ፎቅ 104 ቁጥር
             ኩሩ ጫማ
የቴሌግራም አባል ይሁኑ T.me/kuruwear
👉 Code 303",2023-04-27 06:08:21+00:00,kuruwear_photos/@kuruwear_1220.jpg
ኩሩ/kuru/ 🇪🇹 wear ®️,@kuruwear,1219,"100% ንፁ ቆዳ የተሰሩ ጫማዎች
🇪🇹 የሀገራችን ምርት 🇪🇹
     🔥2000 ብር ብቻ🔥
☎️ 0911871330
🏢ቦሌ መደሐንያለም ኦሮሚያ ህንፃ 1ኛ ፎቅ 104 ቁጥር
             ኩሩ ጫማ
የቴሌግራም አባል ይሁኑ T.me/kuruwear
👉 Code 302",2023-04-27 06:08:21+00:00,kuruwear_photos/@kuruwear_1219.jpg
ኩሩ/kuru/ 🇪🇹 wear ®️,@kuruwear,1218,"100% ንፁ ቆዳ የተሰሩ ጫማዎች
🇪🇹 የሀገራችን ምርት 🇪🇹
     🔥2000 ብር ብቻ🔥
☎️ 0911871330
🏢ቦሌ መደሐንያለም ኦሮሚያ ህንፃ 1ኛ ፎቅ 104 ቁጥር
             ኩሩ ጫማ
የቴሌግራም አባል ይሁኑ T.me/kuruwear
👉 Code 291",2023-04-27 06:08:21+00:00,kuruwear_photos/@kuruwear_1218.jpg
ኩሩ/kuru/ 🇪🇹 wear ®️,@kuruwear,1217,"100% ንፁ ቆዳ የተሰሩ ጫማዎች
🇪🇹 የሀገራችን ምርት 🇪🇹
     🔥2000 ብር ብቻ🔥
☎️ 0911871330
🏢ቦሌ መደሐንያለም ኦሮሚያ ህንፃ 1ኛ ፎቅ 104 ቁጥር
             ኩሩ ጫማ
የቴሌግራም አባል ይሁኑ T.me/kuruwear
👉 Code 285",2023-04-27 06:08:21+00:00,kuruwear_photos/@kuruwear_1217.jpg
ኩሩ/kuru/ 🇪🇹 wear ®️,@kuruwear,1216,,2023-04-21 08:09:06+00:00,kuruwear_photos/@kuruwear_1216.jpg
ኩሩ/kuru/ 🇪🇹 wear ®️,@kuruwear,1215,"እንኳን ለጌታችን ለመድሀኒታችን ለኢየሱስ ክርስቶስ የትንሳኤ በዓል በሰላም አደረሳችሁ በዓሉ የደስታ፣የሰላም፣የፍቅር፣የጤና እንዲሁም መልካም ነገሮች ሁሉ እንዲሆንላችሁ እመኛለሁ

መልካም በዓል!!",2023-04-16 05:38:50+00:00,kuruwear_photos/@kuruwear_1215.jpg
ኩሩ/kuru/ 🇪🇹 wear ®️,@kuruwear,1214,"100% ንፁ ቆዳ የተሰሩ ጫማዎች
🇪🇹 የሀገራችን ምርት 🇪🇹
     🔥2300 ብር ብቻ🔥
☎️ 0911871330
🏢ቦሌ መደሐንያለም ኦሮሚያ ህንፃ 1ኛ ፎቅ 104 ቁጥር
             ኩሩ ጫማ
የቴሌግራም አባል ይሁኑ T.me/kuruwear
👉 Code 324",2023-03-02 14:59:18+00:00,kuruwear_photos/@kuruwear_1214.jpg
ኩሩ/kuru/ 🇪🇹 wear ®️,@kuruwear,1213,"100% ንፁ ቆዳ የተሰሩ ጫማዎች
🇪🇹 የሀገራችን ምርት 🇪🇹
     🔥2300 ብር ብቻ🔥
☎️ 0911871330
🏢ቦሌ መደሐንያለም ኦሮሚያ ህንፃ 1ኛ ፎቅ 104 ቁጥር
             ኩሩ ጫማ
የቴሌግራም አባል ይሁኑ T.me/kuruwear
👉 Code 323",2023-03-02 14:58:47+00:00,kuruwear_photos/@kuruwear_1213.jpg
ኩሩ/kuru/ 🇪🇹 wear ®️,@kuruwear,1212,"100% ንፁ ቆዳ የተሰሩ ጫማዎች
🇪🇹 የሀገራችን ምርት 🇪🇹
     🔥2300 ብር ብቻ🔥
☎️ 0911871330
🏢ቦሌ መደሐንያለም ኦሮሚያ ህንፃ 1ኛ ፎቅ 104 ቁጥር
             ኩሩ ጫማ
የቴሌግራም አባል ይሁኑ T.me/kuruwear
👉 Code 331",2023-03-02 14:58:26+00:00,kuruwear_photos/@kuruwear_1212.jpg
ኩሩ/kuru/ 🇪🇹 wear ®️,@kuruwear,1211,"100% ንፁ ቆዳ የተሰሩ ጫማዎች
🇪🇹 የሀገራችን ምርት 🇪🇹
     🔥2000 ብር ብቻ🔥
☎️ 0911871330
🏢ቦሌ መደሐንያለም ኦሮሚያ ህንፃ 1ኛ ፎቅ 104 ቁጥር
             ኩሩ ጫማ
የቴሌግራም አባል ይሁኑ T.me/kuruwear
👉 Code 329",2023-03-02 14:58:02+00:00,kuruwear_photos/@kuruwear_1211.jpg
ኩሩ/kuru/ 🇪🇹 wear ®️,@kuruwear,1210,"100% ንፁ ቆዳ የተሰሩ ጫማዎች
🇪🇹 የሀገራችን ምርት 🇪🇹
     🔥2000 ብር ብቻ🔥
☎️ 0911871330
🏢ቦሌ መደሐንያለም ኦሮሚያ ህንፃ 1ኛ ፎቅ 104 ቁጥር
             ኩሩ ጫማ
የቴሌግራም አባል ይሁኑ T.me/kuruwear
👉 Code 335",2023-03-02 14:57:33+00:00,kuruwear_photos/@kuruwear_1210.jpg
ኩሩ/kuru/ 🇪🇹 wear ®️,@kuruwear,1209,"100% ንፁ ቆዳ የተሰሩ ጫማዎች
🇪🇹 የሀገራችን ምርት 🇪🇹
     🔥2000 ብር ብቻ🔥
☎️ 0911871330
🏢ቦሌ መደሐንያለም ኦሮሚያ ህንፃ 1ኛ ፎቅ 104 ቁጥር
             ኩሩ ጫማ
የቴሌግራም አባል ይሁኑ T.me/kuruwear
👉 Code 334",2023-03-02 14:57:11+00:00,kuruwear_photos/@kuruwear_1209.jpg
ኩሩ/kuru/ 🇪🇹 wear ®️,@kuruwear,1208,"100% ንፁ ቆዳ የተሰሩ ጫማዎች
🇪🇹 የሀገራችን ምርት 🇪🇹
     🔥2000 ብር ብቻ🔥
☎️ 0911871330
🏢ቦሌ መደሐንያለም ኦሮሚያ ህንፃ 1ኛ ፎቅ 104 ቁጥር
             ኩሩ ጫማ
የቴሌግራም አባል ይሁኑ T.me/kuruwear
👉 Code 333",2023-03-02 14:56:50+00:00,kuruwear_photos/@kuruwear_1208.jpg
ኩሩ/kuru/ 🇪🇹 wear ®️,@kuruwear,1207,"100% ንፁ ቆዳ የተሰሩ ጫማዎች
🇪🇹 የሀገራችን ምርት 🇪🇹
     🔥2000 ብር ብቻ🔥
☎️ 0911871330
🏢ቦሌ መደሐንያለም ኦሮሚያ ህንፃ 1ኛ ፎቅ 104 ቁጥር
             ኩሩ ጫማ
የቴሌግራም አባል ይሁኑ T.me/kuruwear
👉 Code 332",2023-03-02 14:56:36+00:00,kuruwear_photos/@kuruwear_1207.jpg
ኩሩ/kuru/ 🇪🇹 wear ®️,@kuruwear,1206,"100% ንፁ ቆዳ የተሰሩ ጫማዎች
🇪🇹 የሀገራችን ምርት 🇪🇹
     🔥2000 ብር ብቻ🔥
☎️ 0911871330
🏢ቦሌ መደሐንያለም ኦሮሚያ ህንፃ 1ኛ ፎቅ 104 ቁጥር
             ኩሩ ጫማ
የቴሌግራም አባል ይሁኑ T.me/kuruwear
👉 Code 318",2023-03-02 14:56:10+00:00,kuruwear_photos/@kuruwear_1206.jpg
ኩሩ/kuru/ 🇪🇹 wear ®️,@kuruwear,1205,"100% ንፁ ቆዳ የተሰሩ ጫማዎች
🇪🇹 የሀገራችን ምርት 🇪🇹
     🔥2000 ብር ብቻ🔥
☎️ 0911871330
🏢ቦሌ መደሐንያለም ኦሮሚያ ህንፃ 1ኛ ፎቅ 104 ቁጥር
             ኩሩ ጫማ
የቴሌግራም አባል ይሁኑ T.me/kuruwear
👉 Code 316",2023-03-02 14:55:50+00:00,kuruwear_photos/@kuruwear_1205.jpg
ኩሩ/kuru/ 🇪🇹 wear ®️,@kuruwear,1204,"100% ንፁ ቆዳ የተሰሩ ጫማዎች
🇪🇹 የሀገራችን ምርት 🇪🇹
     🔥2000 ብር ብቻ🔥
☎️ 0911871330
🏢ቦሌ መደሐንያለም ኦሮሚያ ህንፃ 1ኛ ፎቅ 104 ቁጥር
             ኩሩ ጫማ
የቴሌግራም አባል ይሁኑ T.me/kuruwear
👉 Code 315",2023-03-02 14:55:31+00:00,kuruwear_photos/@kuruwear_1204.jpg
ኩሩ/kuru/ 🇪🇹 wear ®️,@kuruwear,1203,"100% ንፁ ቆዳ የተሰሩ ጫማዎች
🇪🇹 የሀገራችን ምርት 🇪🇹
     🔥2000 ብር ብቻ🔥
☎️ 0911871330
🏢ቦሌ መደሐንያለም ኦሮሚያ ህንፃ 1ኛ ፎቅ 104 ቁጥር
             ኩሩ ጫማ
የቴሌግራም አባል ይሁኑ T.me/kuruwear
👉 Code 310",2023-03-02 14:54:52+00:00,kuruwear_photos/@kuruwear_1203.jpg
ኩሩ/kuru/ 🇪🇹 wear ®️,@kuruwear,1202,"100% ንፁ ቆዳ የተሰሩ ጫማዎች
🇪🇹 የሀገራችን ምርት 🇪🇹
     🔥1800 ብር ብቻ🔥
☎️ 0911871330
🏢ቦሌ መደሐንያለም ኦሮሚያ ህንፃ 1ኛ ፎቅ 104 ቁጥር
             ኩሩ ጫማ
የቴሌግራም አባል ይሁኑ T.me/kuruwear
👉 Code 309",2023-03-02 14:54:36+00:00,kuruwear_photos/@kuruwear_1202.jpg
ኩሩ/kuru/ 🇪🇹 wear ®️,@kuruwear,1201,"100% ንፁ ቆዳ የተሰሩ ጫማዎች
🇪🇹 የሀገራችን ምርት 🇪🇹
     🔥1500 ብር ብቻ🔥
☎️ 0911871330
🏢ቦሌ መደሐንያለም ኦሮሚያ ህንፃ 1ኛ ፎቅ 104 ቁጥር
             ኩሩ ጫማ
የቴሌግራም አባል ይሁኑ T.me/kuruwear
👉 Code 308",2023-03-02 14:53:53+00:00,kuruwear_photos/@kuruwear_1201.jpg
ኩሩ/kuru/ 🇪🇹 wear ®️,@kuruwear,1200,"100% ንፁ ቆዳ የተሰሩ ጫማዎች
🇪🇹 የሀገራችን ምርት 🇪🇹
     🔥2000 ብር ብቻ🔥
☎️ 0911871330
🏢ቦሌ መደሐንያለም ኦሮሚያ ህንፃ 1ኛ ፎቅ 104 ቁጥር
             ኩሩ ጫማ
የቴሌግራም አባል ይሁኑ T.me/kuruwear
👉 Code 303",2023-03-02 14:53:31+00:00,kuruwear_photos/@kuruwear_1200.jpg
ኩሩ/kuru/ 🇪🇹 wear ®️,@kuruwear,1199,"100% ንፁ ቆዳ የተሰሩ ጫማዎች
🇪🇹 የሀገራችን ምርት 🇪🇹
     🔥2000 ብር ብቻ🔥
☎️ 0911871330
🏢ቦሌ መደሐንያለም ኦሮሚያ ህንፃ 1ኛ ፎቅ 104 ቁጥር
             ኩሩ ጫማ
የቴሌግራም አባል ይሁኑ T.me/kuruwear
👉 Code 302",2023-03-02 14:53:01+00:00,kuruwear_photos/@kuruwear_1199.jpg
ኩሩ/kuru/ 🇪🇹 wear ®️,@kuruwear,1198,"100% ንፁ ቆዳ የተሰሩ ጫማዎች
🇪🇹 የሀገራችን ምርት 🇪🇹
     🔥2000 ብር ብቻ🔥
☎️ 0911871330
🏢ቦሌ መደሐንያለም ኦሮሚያ ህንፃ 1ኛ ፎቅ 104 ቁጥር
             ኩሩ ጫማ
የቴሌግራም አባል ይሁኑ T.me/kuruwear
👉 Code 291",2023-03-02 14:52:41+00:00,kuruwear_photos/@kuruwear_1198.jpg
ኩሩ/kuru/ 🇪🇹 wear ®️,@kuruwear,1197,"100% ንፁ ቆዳ የተሰሩ ጫማዎች
🇪🇹 የሀገራችን ምርት 🇪🇹
     🔥2000 ብር ብቻ🔥
☎️ 0911871330
🏢ቦሌ መደሐንያለም ኦሮሚያ ህንፃ 1ኛ ፎቅ 104 ቁጥር
             ኩሩ ጫማ
የቴሌግራም አባል ይሁኑ T.me/kuruwear
👉 Code 285",2023-03-02 14:52:23+00:00,kuruwear_photos/@kuruwear_1197.jpg
ኩሩ/kuru/ 🇪🇹 wear ®️,@kuruwear,1196,"100% ንፁ ቆዳ የተሰሩ ጫማዎች
🇪🇹 የሀገራችን ምርት 🇪🇹
     🔥1400 ብር ብቻ🔥
☎️ 0911871330
🏢ቦሌ መደሐንያለም ኦሮሚያ ህንፃ 1ኛ ፎቅ 104 ቁጥር
             ኩሩ ጫማ
የቴሌግራም አባል ይሁኑ T.me/kuruwear
👉 Code 307",2023-03-02 14:52:06+00:00,kuruwear_photos/@kuruwear_1196.jpg
ኩሩ/kuru/ 🇪🇹 wear ®️,@kuruwear,1195,"100% ንፁ ቆዳ የተሰሩ ጫማዎች
🇪🇹 የሀገራችን ምርት 🇪🇹
     🔥2100 ብር ብቻ🔥
☎️ 0911871330
🏢ቦሌ መደሐንያለም ኦሮሚያ ህንፃ 1ኛ ፎቅ 104 ቁጥር
             ኩሩ ጫማ
የቴሌግራም አባል ይሁኑ T.me/kuruwear
👉 Code 301",2023-03-02 14:51:35+00:00,kuruwear_photos/@kuruwear_1195.jpg
ኩሩ/kuru/ 🇪🇹 wear ®️,@kuruwear,1194,"100% ንፁ ቆዳ የተሰሩ ጫማዎች
🇪🇹 የሀገራችን ምርት 🇪🇹
     🔥2000 ብር ብቻ🔥
☎️ 0911871330
🏢ቦሌ መደሐንያለም ኦሮሚያ ህንፃ 1ኛ ፎቅ 104 ቁጥር
             ኩሩ ጫማ
የቴሌግራም አባል ይሁኑ T.me/kuruwear
👉 Code 243",2023-03-02 14:51:07+00:00,kuruwear_photos/@kuruwear_1194.jpg
ኩሩ/kuru/ 🇪🇹 wear ®️,@kuruwear,1193,"100% ንፁ ቆዳ የተሰሩ ጫማዎች
🇪🇹 የሀገራችን ምርት 🇪🇹
     🔥2000 ብር ብቻ🔥
☎️ 0911871330
🏢ቦሌ መደሐንያለም ኦሮሚያ ህንፃ 1ኛ ፎቅ 104 ቁጥር
             ኩሩ ጫማ
የቴሌግራም አባል ይሁኑ T.me/kuruwear
👉 Code 225",2023-03-02 14:50:50+00:00,kuruwear_photos/@kuruwear_1193.jpg
ኩሩ/kuru/ 🇪🇹 wear ®️,@kuruwear,1192,"100% ንፁ ቆዳ የተሰሩ ጫማዎች
🇪🇹 የሀገራችን ምርት 🇪🇹
     🔥2000 ብር ብቻ🔥
☎️ 0911871330
🏢ቦሌ መደሐንያለም ኦሮሚያ ህንፃ 1ኛ ፎቅ 104 ቁጥር
             ኩሩ ጫማ
የቴሌግራም አባል ይሁኑ T.me/kuruwear
👉 Code 227",2023-03-02 14:50:33+00:00,kuruwear_photos/@kuruwear_1192.jpg
ኩሩ/kuru/ 🇪🇹 wear ®️,@kuruwear,1191,"100% ንፁ ቆዳ የተሰሩ ጫማዎች
🇪🇹 የሀገራችን ምርት 🇪🇹
     🔥1400 ብር ብቻ🔥
☎️ 0911871330
🏢ቦሌ መደሐንያለም ኦሮሚያ ህንፃ 1ኛ ፎቅ 104 ቁጥር
             ኩሩ ጫማ
የቴሌግራም አባል ይሁኑ T.me/kuruwear
👉 Code 283",2023-03-02 14:50:06+00:00,kuruwear_photos/@kuruwear_1191.jpg
ኩሩ/kuru/ 🇪🇹 wear ®️,@kuruwear,1190,"100% ንፁ ቆዳ የተሰሩ ጫማዎች
🇪🇹 የሀገራችን ምርት 🇪🇹
     🔥1600 ብር ብቻ🔥
☎️ 0911871330
🏢ቦሌ መደሐንያለም ኦሮሚያ ህንፃ 1ኛ ፎቅ 104 ቁጥር
             ኩሩ ጫማ
የቴሌግራም አባል ይሁኑ T.me/kuruwear
👉 Code 272",2023-03-02 14:49:44+00:00,kuruwear_photos/@kuruwear_1190.jpg
ኩሩ/kuru/ 🇪🇹 wear ®️,@kuruwear,1189,"100% ንፁ ቆዳ የተሰሩ ጫማዎች
🇪🇹 የሀገራችን ምርት 🇪🇹
     🔥1500 ብር ብቻ🔥
☎️ 0911871330
🏢ቦሌ መደሐንያለም ኦሮሚያ ህንፃ 1ኛ ፎቅ 104 ቁጥር
             ኩሩ ጫማ
የቴሌግራም አባል ይሁኑ T.me/kuruwear
👉 Code 271",2023-03-02 14:49:15+00:00,kuruwear_photos/@kuruwear_1189.jpg
ኩሩ/kuru/ 🇪🇹 wear ®️,@kuruwear,1188,"100% ንፁ ቆዳ የተሰሩ ጫማዎች
🇪🇹 የሀገራችን ምርት 🇪🇹
     🔥1500 ብር ብቻ🔥
☎️ 0911871330
🏢ቦሌ መደሐንያለም ኦሮሚያ ህንፃ 1ኛ ፎቅ 104 ቁጥር
             ኩሩ ጫማ
የቴሌግራም አባል ይሁኑ T.me/kuruwear
👉 Code 269",2023-03-02 14:48:58+00:00,kuruwear_photos/@kuruwear_1188.jpg
ኩሩ/kuru/ 🇪🇹 wear ®️,@kuruwear,1187,"100% ንፁ ቆዳ የተሰሩ ጫማዎች
🇪🇹 የሀገራችን ምርት 🇪🇹
     🔥1500 ብር ብቻ🔥
☎️ 0911871330
🏢ቦሌ መደሐንያለም ኦሮሚያ ህንፃ 1ኛ ፎቅ 104 ቁጥር
             ኩሩ ጫማ
የቴሌግራም አባል ይሁኑ T.me/kuruwear
👉 Code 267",2023-03-02 14:48:26+00:00,kuruwear_photos/@kuruwear_1187.jpg
ኩሩ/kuru/ 🇪🇹 wear ®️,@kuruwear,1186,"100% ንፁ ቆዳ የተሰሩ ጫማዎች
🇪🇹 የሀገራችን ምርት 🇪🇹
     🔥1500 ብር ብቻ🔥
☎️ 0911871330
🏢ቦሌ መደሐንያለም ኦሮሚያ ህንፃ 1ኛ ፎቅ 104 ቁጥር
             ኩሩ ጫማ
የቴሌግራም አባል ይሁኑ T.me/kuruwear
👉 Code 266",2023-03-02 14:48:07+00:00,kuruwear_photos/@kuruwear_1186.jpg
ኩሩ/kuru/ 🇪🇹 wear ®️,@kuruwear,1185,"100% ንፁ ቆዳ የተሰሩ ጫማዎች
🇪🇹 የሀገራችን ምርት 🇪🇹
     🔥1500 ብር ብቻ🔥
☎️ 0911871330
🏢ቦሌ መደሐንያለም ኦሮሚያ ህንፃ 1ኛ ፎቅ 104 ቁጥር
             ኩሩ ጫማ
የቴሌግራም አባል ይሁኑ T.me/kuruwear
👉 Code 261",2023-03-02 14:47:47+00:00,kuruwear_photos/@kuruwear_1185.jpg
ኩሩ/kuru/ 🇪🇹 wear ®️,@kuruwear,1184,"100% ንፁ ቆዳ የተሰሩ ጫማዎች
🇪🇹 የሀገራችን ምርት 🇪🇹
     🔥1400 ብር ብቻ🔥
☎️ 0911871330
🏢ቦሌ መደሐንያለም ኦሮሚያ ህንፃ 1ኛ ፎቅ 104 ቁጥር
             ኩሩ ጫማ
የቴሌግራም አባል ይሁኑ T.me/kuruwear
👉 Code 251",2023-03-02 14:47:14+00:00,kuruwear_photos/@kuruwear_1184.jpg
ኩሩ/kuru/ 🇪🇹 wear ®️,@kuruwear,1183,"100% ንፁ ቆዳ የተሰሩ ጫማዎች
🇪🇹 የሀገራችን ምርት 🇪🇹
     🔥1400 ብር ብቻ🔥
☎️ 0911871330
🏢ቦሌ መደሐንያለም ኦሮሚያ ህንፃ 1ኛ ፎቅ 104 ቁጥር
             ኩሩ ጫማ
የቴሌግራም አባል ይሁኑ T.me/kuruwear
👉 Code 247",2023-03-02 14:46:53+00:00,kuruwear_photos/@kuruwear_1183.jpg
ኩሩ/kuru/ 🇪🇹 wear ®️,@kuruwear,1182,"100% ንፁ ቆዳ የተሰሩ ጫማዎች
🇪🇹 የሀገራችን ምርት 🇪🇹
     🔥1400 ብር ብቻ🔥
☎️ 0911871330
🏢ቦሌ መደሐንያለም ኦሮሚያ ህንፃ 1ኛ ፎቅ 104 ቁጥር
             ኩሩ ጫማ
የቴሌግራም አባል ይሁኑ T.me/kuruwear
👉 Code 244",2023-03-02 14:46:35+00:00,kuruwear_photos/@kuruwear_1182.jpg
ኩሩ/kuru/ 🇪🇹 wear ®️,@kuruwear,1181,"100% ንፁ ቆዳ የተሰሩ ጫማዎች
🇪🇹 የሀገራችን ምርት 🇪🇹
     🔥1400 ብር ብቻ🔥
☎️ 0911871330
🏢ቦሌ መደሐንያለም ኦሮሚያ ህንፃ 1ኛ ፎቅ 104 ቁጥር
             ኩሩ ጫማ
የቴሌግራም አባል ይሁኑ T.me/kuruwear
👉 Code 240",2023-03-02 14:46:18+00:00,kuruwear_photos/@kuruwear_1181.jpg
ኩሩ/kuru/ 🇪🇹 wear ®️,@kuruwear,1180,"100% ንፁ ቆዳ የተሰሩ ጫማዎች
🇪🇹 የሀገራችን ምርት 🇪🇹
     🔥1400 ብር ብቻ🔥
☎️ 0911871330
🏢ቦሌ መደሐንያለም ኦሮሚያ ህንፃ 1ኛ ፎቅ 104 ቁጥር
             ኩሩ ጫማ
የቴሌግራም አባል ይሁኑ T.me/kuruwear
👉 Code 239",2023-03-02 14:46:03+00:00,kuruwear_photos/@kuruwear_1180.jpg
ኩሩ/kuru/ 🇪🇹 wear ®️,@kuruwear,1179,"100% ንፁ ቆዳ የተሰሩ ጫማዎች
🇪🇹 የሀገራችን ምርት 🇪🇹
     🔥1400 ብር ብቻ🔥
☎️ 0911871330
🏢ቦሌ መደሐንያለም ኦሮሚያ ህንፃ 1ኛ ፎቅ 104 ቁጥር
             ኩሩ ጫማ
የቴሌግራም አባል ይሁኑ T.me/kuruwear
👉 Code 185",2023-03-02 14:45:35+00:00,kuruwear_photos/@kuruwear_1179.jpg
ኩሩ/kuru/ 🇪🇹 wear ®️,@kuruwear,1178,"100% ንፁ ቆዳ የተሰሩ ጫማዎች
🇪🇹 የሀገራችን ምርት 🇪🇹
     🔥1400 ብር ብቻ🔥
☎️ 0911871330
🏢ቦሌ መደሐንያለም ኦሮሚያ ህንፃ 1ኛ ፎቅ 104 ቁጥር
             ኩሩ ጫማ
የቴሌግራም አባል ይሁኑ T.me/kuruwear
👉 Code 128",2023-03-02 14:45:18+00:00,kuruwear_photos/@kuruwear_1178.jpg
ኩሩ/kuru/ 🇪🇹 wear ®️,@kuruwear,1138,"100% ንፁ ቆዳ የተሰሩ ጫማዎች
🇪🇹 የሀገራችን ምርት 🇪🇹
     🔥1800 ብር ብቻ🔥
☎️ 0911871330
🏢ቦሌ መደሐንያለም ኦሮሚያ ህንፃ 1ኛ ፎቅ 104 ቁጥር
             ኩሩ ጫማ
የቴሌግራም አባል ይሁኑ T.me/kuruwear
👉 Code 339",2023-02-23 06:19:29+00:00,kuruwear_photos/@kuruwear_1138.jpg
ኩሩ/kuru/ 🇪🇹 wear ®️,@kuruwear,1114,"100% ንፁ ቆዳ የተሰሩ ጫማዎች
🇪🇹 የሀገራችን ምርት 🇪🇹
     🔥1500 ብር ብቻ🔥
☎️ 0911871330
🏢ቦሌ መደሐንያለም ኦሮሚያ ህንፃ 1ኛ ፎቅ 104 ቁጥር
             ኩሩ ጫማ
የቴሌግራም አባል ይሁኑ T.me/kuruwear
👉 Code 272",2023-02-11 12:45:13+00:00,kuruwear_photos/@kuruwear_1114.jpg
ኩሩ/kuru/ 🇪🇹 wear ®️,@kuruwear,1113,"100% ንፁ ቆዳ የተሰሩ ጫማዎች
🇪🇹 የሀገራችን ምርት 🇪🇹
     🔥1400 ብር ብቻ🔥
☎️ 0911871330
🏢ቦሌ መደሐንያለም ኦሮሚያ ህንፃ 1ኛ ፎቅ 104 ቁጥር
             ኩሩ ጫማ
የቴሌግራም አባል ይሁኑ T.me/kuruwear
👉 Code 271",2023-02-11 12:44:52+00:00,kuruwear_photos/@kuruwear_1113.jpg
ኩሩ/kuru/ 🇪🇹 wear ®️,@kuruwear,1099,,2023-02-02 13:12:14+00:00,kuruwear_photos/@kuruwear_1099.jpg
ኩሩ/kuru/ 🇪🇹 wear ®️,@kuruwear,1098,,2023-02-02 13:12:14+00:00,kuruwear_photos/@kuruwear_1098.jpg
ኩሩ/kuru/ 🇪🇹 wear ®️,@kuruwear,1097,,2023-02-02 13:12:14+00:00,kuruwear_photos/@kuruwear_1097.jpg
ኩሩ/kuru/ 🇪🇹 wear ®️,@kuruwear,1096,,2023-02-02 13:12:14+00:00,kuruwear_photos/@kuruwear_1096.jpg
ኩሩ/kuru/ 🇪🇹 wear ®️,@kuruwear,1095,,2023-02-02 13:12:14+00:00,kuruwear_photos/@kuruwear_1095.jpg
ኩሩ/kuru/ 🇪🇹 wear ®️,@kuruwear,1094,,2023-02-02 13:12:14+00:00,kuruwear_photos/@kuruwear_1094.jpg
ኩሩ/kuru/ 🇪🇹 wear ®️,@kuruwear,1093,,2023-02-02 13:12:12+00:00,kuruwear_photos/@kuruwear_1093.jpg
ኩሩ/kuru/ 🇪🇹 wear ®️,@kuruwear,1092,,2023-02-02 13:12:12+00:00,kuruwear_photos/@kuruwear_1092.jpg
ኩሩ/kuru/ 🇪🇹 wear ®️,@kuruwear,1091,,2023-02-02 13:12:12+00:00,kuruwear_photos/@kuruwear_1091.jpg
ኩሩ/kuru/ 🇪🇹 wear ®️,@kuruwear,1090,,2023-02-02 13:12:12+00:00,kuruwear_photos/@kuruwear_1090.jpg
ኩሩ/kuru/ 🇪🇹 wear ®️,@kuruwear,1089,,2023-02-02 13:12:12+00:00,kuruwear_photos/@kuruwear_1089.jpg
ኩሩ/kuru/ 🇪🇹 wear ®️,@kuruwear,1088,,2023-02-02 13:12:12+00:00,kuruwear_photos/@kuruwear_1088.jpg
ኩሩ/kuru/ 🇪🇹 wear ®️,@kuruwear,1087,,2023-02-02 13:12:12+00:00,kuruwear_photos/@kuruwear_1087.jpg
ኩሩ/kuru/ 🇪🇹 wear ®️,@kuruwear,1086,,2023-02-02 13:12:12+00:00,kuruwear_photos/@kuruwear_1086.jpg
ኩሩ/kuru/ 🇪🇹 wear ®️,@kuruwear,1085,,2023-02-02 13:12:12+00:00,kuruwear_photos/@kuruwear_1085.jpg
ኩሩ/kuru/ 🇪🇹 wear ®️,@kuruwear,1084,,2023-02-02 13:12:11+00:00,kuruwear_photos/@kuruwear_1084.jpg
ኩሩ/kuru/ 🇪🇹 wear ®️,@kuruwear,1083,,2023-01-07 08:04:14+00:00,kuruwear_photos/@kuruwear_1083.jpg
ኩሩ/kuru/ 🇪🇹 wear ®️,@kuruwear,1082,,2022-12-28 10:57:29+00:00,kuruwear_photos/@kuruwear_1082.jpg
ኩሩ/kuru/ 🇪🇹 wear ®️,@kuruwear,1081,,2022-12-28 10:57:29+00:00,kuruwear_photos/@kuruwear_1081.jpg
ኩሩ/kuru/ 🇪🇹 wear ®️,@kuruwear,1080,,2022-12-28 10:57:29+00:00,kuruwear_photos/@kuruwear_1080.jpg
ኩሩ/kuru/ 🇪🇹 wear ®️,@kuruwear,1079,,2022-12-28 10:57:29+00:00,kuruwear_photos/@kuruwear_1079.jpg
ኩሩ/kuru/ 🇪🇹 wear ®️,@kuruwear,1078,,2022-12-28 10:57:29+00:00,kuruwear_photos/@kuruwear_1078.jpg
ኩሩ/kuru/ 🇪🇹 wear ®️,@kuruwear,1077,,2022-12-28 10:57:28+00:00,kuruwear_photos/@kuruwear_1077.jpg
ኩሩ/kuru/ 🇪🇹 wear ®️,@kuruwear,1076,,2022-12-28 10:57:28+00:00,kuruwear_photos/@kuruwear_1076.jpg
ኩሩ/kuru/ 🇪🇹 wear ®️,@kuruwear,1075,,2022-12-28 10:57:28+00:00,kuruwear_photos/@kuruwear_1075.jpg
ኩሩ/kuru/ 🇪🇹 wear ®️,@kuruwear,1074,,2022-12-28 10:57:28+00:00,kuruwear_photos/@kuruwear_1074.jpg
ኩሩ/kuru/ 🇪🇹 wear ®️,@kuruwear,1073,,2022-12-28 10:57:28+00:00,kuruwear_photos/@kuruwear_1073.jpg
ኩሩ/kuru/ 🇪🇹 wear ®️,@kuruwear,1072,,2022-12-28 10:57:28+00:00,kuruwear_photos/@kuruwear_1072.jpg
ኩሩ/kuru/ 🇪🇹 wear ®️,@kuruwear,1071,,2022-12-28 10:57:28+00:00,kuruwear_photos/@kuruwear_1071.jpg
ኩሩ/kuru/ 🇪🇹 wear ®️,@kuruwear,1070,,2022-12-28 10:57:28+00:00,kuruwear_photos/@kuruwear_1070.jpg
ኩሩ/kuru/ 🇪🇹 wear ®️,@kuruwear,1069,,2022-12-28 10:57:28+00:00,kuruwear_photos/@kuruwear_1069.jpg
ኩሩ/kuru/ 🇪🇹 wear ®️,@kuruwear,1068,,2022-12-28 10:57:26+00:00,kuruwear_photos/@kuruwear_1068.jpg
ኩሩ/kuru/ 🇪🇹 wear ®️,@kuruwear,1067,,2022-12-28 10:57:26+00:00,kuruwear_photos/@kuruwear_1067.jpg
ኩሩ/kuru/ 🇪🇹 wear ®️,@kuruwear,1066,,2022-12-28 10:57:25+00:00,kuruwear_photos/@kuruwear_1066.jpg
ኩሩ/kuru/ 🇪🇹 wear ®️,@kuruwear,1065,,2022-12-28 10:57:25+00:00,kuruwear_photos/@kuruwear_1065.jpg
ኩሩ/kuru/ 🇪🇹 wear ®️,@kuruwear,1064,,2022-12-28 10:57:25+00:00,kuruwear_photos/@kuruwear_1064.jpg
ኩሩ/kuru/ 🇪🇹 wear ®️,@kuruwear,1063,,2022-12-28 10:57:25+00:00,kuruwear_photos/@kuruwear_1063.jpg
ኩሩ/kuru/ 🇪🇹 wear ®️,@kuruwear,1062,,2022-12-28 10:57:25+00:00,kuruwear_photos/@kuruwear_1062.jpg
ኩሩ/kuru/ 🇪🇹 wear ®️,@kuruwear,1061,,2022-12-28 10:57:25+00:00,kuruwear_photos/@kuruwear_1061.jpg
ኩሩ/kuru/ 🇪🇹 wear ®️,@kuruwear,1060,,2022-12-28 10:57:25+00:00,kuruwear_photos/@kuruwear_1060.jpg
ኩሩ/kuru/ 🇪🇹 wear ®️,@kuruwear,1059,,2022-12-28 10:57:25+00:00,kuruwear_photos/@kuruwear_1059.jpg
ኩሩ/kuru/ 🇪🇹 wear ®️,@kuruwear,1058,,2022-12-28 10:56:53+00:00,
ኩሩ/kuru/ 🇪🇹 wear ®️,@kuruwear,1057,"ዉድ  ደንበኞች ከወዲሁ መልካም የገና በአል እንዲሆንልን እየተመኘን የገና  በአልን ምክንያት በማድረግ የዋጋ ቅናሽ ማድረጋችንን በተጨማሪም ቀበቶ እና ካልሲ በነፃ ስናበረክትልዎ በደስታ ነዉ ። 
             መልካም በአል ይሁንልን 
                  ኩሩ ጫማ
       0911871330 / 0912085488",2022-12-28 10:56:48+00:00,
ኩሩ/kuru/ 🇪🇹 wear ®️,@kuruwear,1056,,2022-11-26 07:10:10+00:00,kuruwear_photos/@kuruwear_1056.jpg
ኩሩ/kuru/ 🇪🇹 wear ®️,@kuruwear,1055,"100% ንፁ ቆዳ የተሰሩ ጫማዎች
🇪🇹 የሀገራችን ምርት 🇪🇹
     🔥2200 ብር ብቻ🔥
☎️ 0911871330 / 0912085488
🏢ቦሌ መደሐንያለም ኦሮሚያ ህንፃ 1ኛ ፎቅ 104 ቁጥር
             ኩሩ ጫማ
የቴሌግራም አባል ይሁኑ T.me/kuruwear
👉 Code 331",2022-11-26 07:10:10+00:00,kuruwear_photos/@kuruwear_1055.jpg
ኩሩ/kuru/ 🇪🇹 wear ®️,@kuruwear,1054,,2022-11-26 07:08:46+00:00,kuruwear_photos/@kuruwear_1054.jpg
ኩሩ/kuru/ 🇪🇹 wear ®️,@kuruwear,1053,"100% ንፁ ቆዳ የተሰሩ ጫማዎች
🇪🇹 የሀገራችን ምርት 🇪🇹
     🔥2200 ብር ብቻ🔥
☎️ 0911871330 / 0912085488
🏢ቦሌ መደሐንያለም ኦሮሚያ ህንፃ 1ኛ ፎቅ 104 ቁጥር
             ኩሩ ጫማ
የቴሌግራም አባል ይሁኑ T.me/kuruwear
👉 Code 323",2022-11-26 07:08:46+00:00,kuruwear_photos/@kuruwear_1053.jpg
ኩሩ/kuru/ 🇪🇹 wear ®️,@kuruwear,1052,,2022-11-26 07:08:18+00:00,kuruwear_photos/@kuruwear_1052.jpg
ኩሩ/kuru/ 🇪🇹 wear ®️,@kuruwear,1051,"100% ንፁ ቆዳ የተሰሩ ጫማዎች
🇪🇹 የሀገራችን ምርት 🇪🇹
     🔥2200 ብር ብቻ🔥
☎️ 0911871330 / 0912085488
🏢ቦሌ መደሐንያለም ኦሮሚያ ህንፃ 1ኛ ፎቅ 104 ቁጥር
             ኩሩ ጫማ
የቴሌግራም አባል ይሁኑ T.me/kuruwear
👉 Code 324",2022-11-26 07:08:18+00:00,kuruwear_photos/@kuruwear_1051.jpg
ኩሩ/kuru/ 🇪🇹 wear ®️,@kuruwear,1050,,2022-11-21 18:22:43+00:00,kuruwear_photos/@kuruwear_1050.jpg
ኩሩ/kuru/ 🇪🇹 wear ®️,@kuruwear,1049,"100% ንፁ ቆዳ የተሰሩ ጫማዎች
🇪🇹 የሀገራችን ምርት 🇪🇹
     🔥2200 ብር ብቻ🔥
☎️ 0911871330 / 0912085488
🏢ቦሌ መደሐንያለም ኦሮሚያ ህንፃ 1ኛ ፎቅ 104 ቁጥር
             ኩሩ ጫማ
የቴሌግራም አባል ይሁኑ T.me/kuruwear
👉 Code 292",2022-11-21 18:22:43+00:00,kuruwear_photos/@kuruwear_1049.jpg
ኩሩ/kuru/ 🇪🇹 wear ®️,@kuruwear,1048,,2022-11-21 18:22:03+00:00,kuruwear_photos/@kuruwear_1048.jpg
ኩሩ/kuru/ 🇪🇹 wear ®️,@kuruwear,1047,"100% ንፁ ቆዳ የተሰሩ ጫማዎች
🇪🇹 የሀገራችን ምርት 🇪🇹
     🔥2100 ብር ብቻ🔥
☎️ 0911871330 / 0912085488
🏢ቦሌ መደሐንያለም ኦሮሚያ ህንፃ 1ኛ ፎቅ 104 ቁጥር
             ኩሩ ጫማ
የቴሌግራም አባል ይሁኑ T.me/kuruwear
👉 Code 310",2022-11-21 18:22:03+00:00,kuruwear_photos/@kuruwear_1047.jpg
ኩሩ/kuru/ 🇪🇹 wear ®️,@kuruwear,1046,,2022-11-21 18:21:27+00:00,kuruwear_photos/@kuruwear_1046.jpg
ኩሩ/kuru/ 🇪🇹 wear ®️,@kuruwear,1045,"100% ንፁ ቆዳ የተሰሩ ጫማዎች
🇪🇹 የሀገራችን ምርት 🇪🇹
     🔥2100 ብር ብቻ🔥
☎️ 0911871330 / 0912085488
🏢ቦሌ መደሐንያለም ኦሮሚያ ህንፃ 1ኛ ፎቅ 104 ቁጥር
             ኩሩ ጫማ
የቴሌግራም አባል ይሁኑ T.me/kuruwear
👉 Code 322",2022-11-21 18:21:27+00:00,kuruwear_photos/@kuruwear_1045.jpg
ኩሩ/kuru/ 🇪🇹 wear ®️,@kuruwear,1044,,2022-11-21 18:20:47+00:00,kuruwear_photos/@kuruwear_1044.jpg
ኩሩ/kuru/ 🇪🇹 wear ®️,@kuruwear,1043,"100% ንፁ ቆዳ የተሰሩ ጫማዎች
🇪🇹 የሀገራችን ምርት 🇪🇹
     🔥2100 ብር ብቻ🔥
☎️ 0911871330 / 0912085488
🏢ቦሌ መደሐንያለም ኦሮሚያ ህንፃ 1ኛ ፎቅ 104 ቁጥር
             ኩሩ ጫማ
የቴሌግራም አባል ይሁኑ T.me/kuruwear
👉 Code 296",2022-11-21 18:20:47+00:00,kuruwear_photos/@kuruwear_1043.jpg
ኩሩ/kuru/ 🇪🇹 wear ®️,@kuruwear,1042,,2022-11-21 18:20:21+00:00,kuruwear_photos/@kuruwear_1042.jpg
ኩሩ/kuru/ 🇪🇹 wear ®️,@kuruwear,1041,"100% ንፁ ቆዳ የተሰሩ ጫማዎች
🇪🇹 የሀገራችን ምርት 🇪🇹
     🔥2100 ብር ብቻ🔥
☎️ 0911871330 / 0912085488
🏢ቦሌ መደሐንያለም ኦሮሚያ ህንፃ 1ኛ ፎቅ 104 ቁጥር
             ኩሩ ጫማ
የቴሌግራም አባል ይሁኑ T.me/kuruwear
👉 Code 303",2022-11-21 18:20:21+00:00,kuruwear_photos/@kuruwear_1041.jpg
ኩሩ/kuru/ 🇪🇹 wear ®️,@kuruwear,1040,,2022-11-15 15:12:03+00:00,kuruwear_photos/@kuruwear_1040.jpg
ኩሩ/kuru/ 🇪🇹 wear ®️,@kuruwear,1039,"100% ንፁ ቆዳ የተሰሩ ጫማዎች
🇪🇹 የሀገራችን ምርት 🇪🇹
     🔥2100 ብር ብቻ🔥
☎️ 0911871330 / 0912085488
🏢ቦሌ መደሐንያለም ኦሮሚያ ህንፃ 1ኛ ፎቅ 104 ቁጥር
             ኩሩ ጫማ
የቴሌግራም አባል ይሁኑ T.me/kuruwear
👉 Code 332",2022-11-15 15:12:03+00:00,kuruwear_photos/@kuruwear_1039.jpg
ኩሩ/kuru/ 🇪🇹 wear ®️,@kuruwear,1038,,2022-11-15 15:11:33+00:00,kuruwear_photos/@kuruwear_1038.jpg
ኩሩ/kuru/ 🇪🇹 wear ®️,@kuruwear,1037,"100% ንፁ ቆዳ የተሰሩ ጫማዎች
🇪🇹 የሀገራችን ምርት 🇪🇹
     🔥2100 ብር ብቻ🔥
☎️ 0911871330 / 0912085488
🏢ቦሌ መደሐንያለም ኦሮሚያ ህንፃ 1ኛ ፎቅ 104 ቁጥር
             ኩሩ ጫማ
የቴሌግራም አባል ይሁኑ T.me/kuruwear
👉 Code 333",2022-11-15 15:11:33+00:00,kuruwear_photos/@kuruwear_1037.jpg
ኩሩ/kuru/ 🇪🇹 wear ®️,@kuruwear,1036,,2022-11-15 15:11:01+00:00,kuruwear_photos/@kuruwear_1036.jpg
ኩሩ/kuru/ 🇪🇹 wear ®️,@kuruwear,1035,"100% ንፁ ቆዳ የተሰሩ ጫማዎች
🇪🇹 የሀገራችን ምርት 🇪🇹
     🔥2200 ብር ብቻ🔥
☎️ 0911871330 / 0912085488
🏢ቦሌ መደሐንያለም ኦሮሚያ ህንፃ 1ኛ ፎቅ 104 ቁጥር
             ኩሩ ጫማ
የቴሌግራም አባል ይሁኑ T.me/kuruwear
👉 Code 301",2022-11-15 15:11:01+00:00,kuruwear_photos/@kuruwear_1035.jpg
ኩሩ/kuru/ 🇪🇹 wear ®️,@kuruwear,1034,,2022-11-15 15:10:39+00:00,kuruwear_photos/@kuruwear_1034.jpg
ኩሩ/kuru/ 🇪🇹 wear ®️,@kuruwear,1033,"100% ንፁ ቆዳ የተሰሩ ጫማዎች
🇪🇹 የሀገራችን ምርት 🇪🇹
     🔥2100 ብር ብቻ🔥
☎️ 0911871330 / 0912085488
🏢ቦሌ መደሐንያለም ኦሮሚያ ህንፃ 1ኛ ፎቅ 104 ቁጥር
             ኩሩ ጫማ
የቴሌግራም አባል ይሁኑ T.me/kuruwear
👉 Code 313",2022-11-15 15:10:39+00:00,kuruwear_photos/@kuruwear_1033.jpg
ኩሩ/kuru/ 🇪🇹 wear ®️,@kuruwear,1032,,2022-11-15 15:10:11+00:00,kuruwear_photos/@kuruwear_1032.jpg
ኩሩ/kuru/ 🇪🇹 wear ®️,@kuruwear,1031,"100% ንፁ ቆዳ የተሰሩ ጫማዎች
🇪🇹 የሀገራችን ምርት 🇪🇹
     🔥2100 ብር ብቻ🔥
☎️ 0911871330 / 0912085488
🏢ቦሌ መደሐንያለም ኦሮሚያ ህንፃ 1ኛ ፎቅ 104 ቁጥር
             ኩሩ ጫማ
የቴሌግራም አባል ይሁኑ T.me/kuruwear
👉 Code 315",2022-11-15 15:10:11+00:00,kuruwear_photos/@kuruwear_1031.jpg
ኩሩ/kuru/ 🇪🇹 wear ®️,@kuruwear,1030,,2022-11-15 15:09:44+00:00,kuruwear_photos/@kuruwear_1030.jpg
ኩሩ/kuru/ 🇪🇹 wear ®️,@kuruwear,1029,"100% ንፁ ቆዳ የተሰሩ ጫማዎች
🇪🇹 የሀገራችን ምርት 🇪🇹
     🔥2100 ብር ብቻ🔥
☎️ 0911871330 / 0912085488
🏢ቦሌ መደሐንያለም ኦሮሚያ ህንፃ 1ኛ ፎቅ 104 ቁጥር
             ኩሩ ጫማ
የቴሌግራም አባል ይሁኑ T.me/kuruwear
👉 Code 316",2022-11-15 15:09:44+00:00,kuruwear_photos/@kuruwear_1029.jpg
ኩሩ/kuru/ 🇪🇹 wear ®️,@kuruwear,1028,,2022-11-15 15:09:19+00:00,kuruwear_photos/@kuruwear_1028.jpg
ኩሩ/kuru/ 🇪🇹 wear ®️,@kuruwear,1027,"100% ንፁ ቆዳ የተሰሩ ጫማዎች
🇪🇹 የሀገራችን ምርት 🇪🇹
     🔥2100 ብር ብቻ🔥
☎️ 0911871330 / 0912085488
🏢ቦሌ መደሐንያለም ኦሮሚያ ህንፃ 1ኛ ፎቅ 104 ቁጥር
             ኩሩ ጫማ
የቴሌግራም አባል ይሁኑ T.me/kuruwear
👉 Code 317",2022-11-15 15:09:19+00:00,kuruwear_photos/@kuruwear_1027.jpg
ኩሩ/kuru/ 🇪🇹 wear ®️,@kuruwear,1026,"100% ንፁ ቆዳ የተሰሩ ጫማዎች
🇪🇹 የሀገራችን ምርት 🇪🇹
     🔥2100 ብር ብቻ🔥
☎️ 0911871330 / 0912085488
🏢ቦሌ መደሐንያለም ኦሮሚያ ህንፃ 1ኛ ፎቅ 104 ቁጥር
             ኩሩ ጫማ
የቴሌግራም አባል ይሁኑ T.me/kuruwear
👉 Code 305",2022-11-15 15:08:55+00:00,kuruwear_photos/@kuruwear_1026.jpg
ኩሩ/kuru/ 🇪🇹 wear ®️,@kuruwear,1024,"ውድ የኩሩ ጫማ ቤተሰቦች በአንዳንድ እቃዎች ላይ ከነገ 07/03/15 ጀምሮ የዋጋ ጭማሪ እንደሚኖር ስናሳውቆ ከታላቅ አክብሮት ጋር ነው።
                    ኩሩ ጫማ።",2022-11-15 08:17:49+00:00,
ኩሩ/kuru/ 🇪🇹 wear ®️,@kuruwear,1023,,2022-11-14 05:27:04+00:00,kuruwear_photos/@kuruwear_1023.jpg
ኩሩ/kuru/ 🇪🇹 wear ®️,@kuruwear,1022,"100% ንፁ ቆዳ የተሰሩ ጫማዎች
🇪🇹 የሀገራችን ምርት 🇪🇹
     🔥1700 ብር ብቻ🔥
☎️ 0911871330 / 0912085488
🏢ቦሌ መደሐንያለም ኦሮሚያ ህንፃ 1ኛ ፎቅ 104 ቁጥር
             ኩሩ ጫማ
የቴሌግራም አባል ይሁኑ T.me/kuruwear
👉 Code 269",2022-11-14 05:27:03+00:00,kuruwear_photos/@kuruwear_1022.jpg
ኩሩ/kuru/ 🇪🇹 wear ®️,@kuruwear,999,,2022-10-25 16:29:45+00:00,kuruwear_photos/@kuruwear_999.jpg
ኩሩ/kuru/ 🇪🇹 wear ®️,@kuruwear,998,"100% ንፁ ቆዳ የተሰሩ ጫማዎች
🇪🇹 የሀገራችን ምርት 🇪🇹
     🔥1700 ብር ብቻ🔥
☎️ 0911871330 / 0912085488
🏢ቦሌ መደሐንያለም ኦሮሚያ ህንፃ 1ኛ ፎቅ 104 ቁጥር
             ኩሩ ጫማ
የቴሌግራም አባል ይሁኑ T.me/kuruwear
👉 Code 327",2022-10-25 16:29:45+00:00,kuruwear_photos/@kuruwear_998.jpg
ኩሩ/kuru/ 🇪🇹 wear ®️,@kuruwear,997,,2022-10-25 16:28:50+00:00,kuruwear_photos/@kuruwear_997.jpg
ኩሩ/kuru/ 🇪🇹 wear ®️,@kuruwear,996,"100% ንፁ ቆዳ የተሰሩ ጫማዎች
🇪🇹 የሀገራችን ምርት 🇪🇹
     🔥1700 ብር ብቻ🔥
☎️ 0911871330 / 0912085488
🏢ቦሌ መደሐንያለም ኦሮሚያ ህንፃ 1ኛ ፎቅ 104 ቁጥር
             ኩሩ ጫማ
የቴሌግራም አባል ይሁኑ T.me/kuruwear
👉 Code 266",2022-10-25 16:28:50+00:00,kuruwear_photos/@kuruwear_996.jpg
ኩሩ/kuru/ 🇪🇹 wear ®️,@kuruwear,993,,2022-10-25 16:27:48+00:00,kuruwear_photos/@kuruwear_993.jpg
ኩሩ/kuru/ 🇪🇹 wear ®️,@kuruwear,992,"100% ንፁ ቆዳ የተሰሩ ጫማዎች
🇪🇹 የሀገራችን ምርት 🇪🇹
     🔥1700 ብር ብቻ🔥
☎️ 0911871330 / 0912085488
🏢ቦሌ መደሐንያለም ኦሮሚያ ህንፃ 1ኛ ፎቅ 104 ቁጥር
             ኩሩ ጫማ
የቴሌግራም አባል ይሁኑ T.me/kuruwear
👉 Code 268",2022-10-25 16:27:48+00:00,kuruwear_photos/@kuruwear_992.jpg
ኩሩ/kuru/ 🇪🇹 wear ®️,@kuruwear,991,,2022-10-25 16:26:51+00:00,kuruwear_photos/@kuruwear_991.jpg
ኩሩ/kuru/ 🇪🇹 wear ®️,@kuruwear,990,"100% ንፁ ቆዳ የተሰሩ ጫማዎች
🇪🇹 የሀገራችን ምርት 🇪🇹
     🔥1600 ብር ብቻ🔥
☎️ 0911871330 / 0912085488
🏢ቦሌ መደሐንያለም ኦሮሚያ ህንፃ 1ኛ ፎቅ 104 ቁጥር
             ኩሩ ጫማ
የቴሌግራም አባል ይሁኑ T.me/kuruwear
👉 Code 128",2022-10-25 16:26:51+00:00,kuruwear_photos/@kuruwear_990.jpg
ኩሩ/kuru/ 🇪🇹 wear ®️,@kuruwear,987,,2022-10-25 16:24:11+00:00,kuruwear_photos/@kuruwear_987.jpg
ኩሩ/kuru/ 🇪🇹 wear ®️,@kuruwear,986,"100% ንፁ ቆዳ የተሰሩ ጫማዎች
🇪🇹 የሀገራችን ምርት 🇪🇹
     🔥1700 ብር ብቻ🔥
☎️ 0911871330 / 0912085488
🏢ቦሌ መደሐንያለም ኦሮሚያ ህንፃ 1ኛ ፎቅ 104 ቁጥር
             ኩሩ ጫማ
የቴሌግራም አባል ይሁኑ T.me/kuruwear
👉 Code 244",2022-10-25 16:24:10+00:00,kuruwear_photos/@kuruwear_986.jpg
ኩሩ/kuru/ 🇪🇹 wear ®️,@kuruwear,985,,2022-10-25 16:22:54+00:00,kuruwear_photos/@kuruwear_985.jpg
ኩሩ/kuru/ 🇪🇹 wear ®️,@kuruwear,984,"100% ንፁ ቆዳ የተሰሩ ጫማዎች
🇪🇹 የሀገራችን ምርት 🇪🇹
     🔥1700 ብር ብቻ🔥
☎️ 0911871330 / 0912085488
🏢ቦሌ መደሐንያለም ኦሮሚያ ህንፃ 1ኛ ፎቅ 104 ቁጥር
             ኩሩ ጫማ
የቴሌግራም አባል ይሁኑ T.me/kuruwear
👉 Code 251",2022-10-25 16:22:54+00:00,kuruwear_photos/@kuruwear_984.jpg
ኩሩ/kuru/ 🇪🇹 wear ®️,@kuruwear,975,,2022-10-18 15:50:08+00:00,kuruwear_photos/@kuruwear_975.jpg
ኩሩ/kuru/ 🇪🇹 wear ®️,@kuruwear,974,"100% ንፁ ቆዳ የተሰሩ ጫማዎች
🇪🇹 የሀገራችን ምርት 🇪🇹
     🔥1800 ብር ብቻ🔥
☎️ 0911871330 / 0912085488
🏢ቦሌ መደሐንያለም ኦሮሚያ ህንፃ 1ኛ ፎቅ 104 ቁጥር
             ኩሩ ጫማ
የቴሌግራም አባል ይሁኑ T.me/kuruwear
👉 Code 308",2022-10-18 15:50:08+00:00,kuruwear_photos/@kuruwear_974.jpg
ኩሩ/kuru/ 🇪🇹 wear ®️,@kuruwear,969,,2022-10-13 10:05:09+00:00,kuruwear_photos/@kuruwear_969.jpg
ኩሩ/kuru/ 🇪🇹 wear ®️,@kuruwear,968,"100% ንፁ ቆዳ የተሰሩ ጫማዎች
🇪🇹 የሀገራችን ምርት 🇪🇹
     🔥1800 ብር ብቻ🔥
☎️ 0911871330 / 0912085488
🏢ቦሌ መደሐንያለም ኦሮሚያ ህንፃ 1ኛ ፎቅ 104 ቁጥር
             ኩሩ ጫማ
የቴሌግራም አባል ይሁኑ T.me/kuruwear
👉 Code 321",2022-10-13 10:05:09+00:00,kuruwear_photos/@kuruwear_968.jpg
ኩሩ/kuru/ 🇪🇹 wear ®️,@kuruwear,955,,2022-10-13 09:53:26+00:00,kuruwear_photos/@kuruwear_955.jpg
ኩሩ/kuru/ 🇪🇹 wear ®️,@kuruwear,954,"100% ንፁ ቆዳ የተሰሩ ጫማዎች
🇪🇹 የሀገራችን ምርት 🇪🇹
     🔥1600 ብር ብቻ🔥
☎️ 0911871330 / 0912085488
🏢ቦሌ መደሐንያለም ኦሮሚያ ህንፃ 1ኛ ፎቅ 104 ቁጥር
             ኩሩ ጫማ
የቴሌግራም አባል ይሁኑ T.me/kuruwear
👉 Code 326",2022-10-13 09:53:26+00:00,kuruwear_photos/@kuruwear_954.jpg
ኩሩ/kuru/ 🇪🇹 wear ®️,@kuruwear,947,,2022-10-02 15:21:11+00:00,kuruwear_photos/@kuruwear_947.jpg
ኩሩ/kuru/ 🇪🇹 wear ®️,@kuruwear,946,"100% ንፁ ቆዳ የተሰሩ ጫማዎች
🇪🇹 የሀገራችን ምርት 🇪🇹
     🔥1500 ብር ብቻ🔥
☎️ 0911871330 / 0912085488
🏢ቦሌ መደሐንያለም ኦሮሚያ ህንፃ 1ኛ ፎቅ 104 ቁጥር
             ኩሩ ጫማ
የቴሌግራም አባል ይሁኑ T.me/kuruwear
👉 Code 286",2022-10-02 15:21:10+00:00,kuruwear_photos/@kuruwear_946.jpg
ኩሩ/kuru/ 🇪🇹 wear ®️,@kuruwear,943,,2022-10-02 15:20:02+00:00,kuruwear_photos/@kuruwear_943.jpg
ኩሩ/kuru/ 🇪🇹 wear ®️,@kuruwear,942,"100% ንፁ ቆዳ የተሰሩ ጫማዎች
🇪🇹 የሀገራችን ምርት 🇪🇹
     🔥1700 ብር ብቻ🔥
☎️ 0911871330 / 0912085488
🏢ቦሌ መደሐንያለም ኦሮሚያ ህንፃ 1ኛ ፎቅ 104 ቁጥር
             ኩሩ ጫማ
የቴሌግራም አባል ይሁኑ T.me/kuruwear
👉 Code 309",2022-10-02 15:20:02+00:00,kuruwear_photos/@kuruwear_942.jpg
ኩሩ/kuru/ 🇪🇹 wear ®️,@kuruwear,937,,2022-10-02 15:17:13+00:00,kuruwear_photos/@kuruwear_937.jpg
ኩሩ/kuru/ 🇪🇹 wear ®️,@kuruwear,936,"100% ንፁ ቆዳ የተሰሩ ጫማዎች
🇪🇹 የሀገራችን ምርት 🇪🇹
     🔥1600 ብር ብቻ🔥
☎️ 0911871330 / 0912085488
🏢ቦሌ መደሐንያለም ኦሮሚያ ህንፃ 1ኛ ፎቅ 104 ቁጥር
             ኩሩ ጫማ
የቴሌግራም አባል ይሁኑ T.me/kuruwear
👉 Code 314",2022-10-02 15:17:12+00:00,kuruwear_photos/@kuruwear_936.jpg
ኩሩ/kuru/ 🇪🇹 wear ®️,@kuruwear,935,,2022-10-02 15:16:44+00:00,kuruwear_photos/@kuruwear_935.jpg
ኩሩ/kuru/ 🇪🇹 wear ®️,@kuruwear,934,"100% ንፁ ቆዳ የተሰሩ ጫማዎች
🇪🇹 የሀገራችን ምርት 🇪🇹
     🔥1800 ብር ብቻ🔥
☎️ 0911871330 / 0912085488
🏢ቦሌ መደሐንያለም ኦሮሚያ ህንፃ 1ኛ ፎቅ 104 ቁጥር
             ኩሩ ጫማ
የቴሌግራም አባል ይሁኑ T.me/kuruwear
👉 Code 320",2022-10-02 15:16:43+00:00,kuruwear_photos/@kuruwear_934.jpg
ኩሩ/kuru/ 🇪🇹 wear ®️,@kuruwear,931,,2022-10-02 15:15:20+00:00,kuruwear_photos/@kuruwear_931.jpg
ኩሩ/kuru/ 🇪🇹 wear ®️,@kuruwear,930,"100% ንፁ ቆዳ የተሰሩ ጫማዎች
🇪🇹 የሀገራችን ምርት 🇪🇹
     🔥1800 ብር ብቻ🔥
☎️ 0911871330 / 0912085488
🏢ቦሌ መደሐንያለም ኦሮሚያ ህንፃ 1ኛ ፎቅ 104 ቁጥር
             ኩሩ ጫማ
የቴሌግራም አባል ይሁኑ T.me/kuruwear
👉 Code 325",2022-10-02 15:15:20+00:00,kuruwear_photos/@kuruwear_930.jpg
ኩሩ/kuru/ 🇪🇹 wear ®️,@kuruwear,917,,2022-10-01 19:16:26+00:00,kuruwear_photos/@kuruwear_917.jpg
ኩሩ/kuru/ 🇪🇹 wear ®️,@kuruwear,916,"100% ንፁ ቆዳ የተሰሩ ጫማዎች
🇪🇹 የሀገራችን ምርት 🇪🇹
     🔥1800 ብር ብቻ🔥
☎️ 0911871330 / 0912085488
🏢ቦሌ መደሐንያለም ኦሮሚያ ህንፃ 1ኛ ፎቅ 104 ቁጥር
             ኩሩ ጫማ
የቴሌግራም አባል ይሁኑ T.me/kuruwear
👉 Code 307",2022-10-01 19:16:26+00:00,kuruwear_photos/@kuruwear_916.jpg
ኩሩ/kuru/ 🇪🇹 wear ®️,@kuruwear,915,,2022-10-01 19:15:45+00:00,kuruwear_photos/@kuruwear_915.jpg
ኩሩ/kuru/ 🇪🇹 wear ®️,@kuruwear,914,"100% ንፁ ቆዳ የተሰሩ ጫማዎች
🇪🇹 የሀገራችን ምርት 🇪🇹
     🔥1800 ብር ብቻ🔥
☎️ 0911871330 / 0912085488
🏢ቦሌ መደሐንያለም ኦሮሚያ ህንፃ 1ኛ ፎቅ 104 ቁጥር
             ኩሩ ጫማ
የቴሌግራም አባል ይሁኑ T.me/kuruwear
👉 Code 319
❌❌ SOLD OUT ❌❌",2022-10-01 19:15:45+00:00,kuruwear_photos/@kuruwear_914.jpg
ኩሩ/kuru/ 🇪🇹 wear ®️,@kuruwear,904,,2022-10-01 19:11:20+00:00,kuruwear_photos/@kuruwear_904.jpg
ኩሩ/kuru/ 🇪🇹 wear ®️,@kuruwear,903,"100% ንፁ ቆዳ የተሰሩ ጫማዎች
🇪🇹 የሀገራችን ምርት 🇪🇹
     🔥1500 ብር ብቻ🔥
☎️ 0911871330 / 0912085488
🏢ቦሌ መደሐንያለም ኦሮሚያ ህንፃ 1ኛ ፎቅ 104 ቁጥር
             ኩሩ ጫማ
የቴሌግራም አባል ይሁኑ T.me/kuruwear
👉 Code 286",2022-10-01 19:11:20+00:00,kuruwear_photos/@kuruwear_903.jpg
ኩሩ/kuru/ 🇪🇹 wear ®️,@kuruwear,883,,2022-09-27 08:32:23+00:00,kuruwear_photos/@kuruwear_883.jpg
ኩሩ/kuru/ 🇪🇹 wear ®️,@kuruwear,834,,2022-09-11 10:20:56+00:00,kuruwear_photos/@kuruwear_834.jpg
ኩሩ/kuru/ 🇪🇹 wear ®️,@kuruwear,833,"🌻🌻  ዉድ  ደንበኞች ከወዲሁ መልካም አዲስ አመት እየተመኘን የአዲስ አመት በአልን ምክንያት በማድረግ የዋጋ ቅናሽ ማድረጋችንን ስንገልጽ በደስታ ነዉ ። 🌻🌻
             መልካም በአል ይሁንልን 
                  ኩሩ ጫማ
       0911871330 / 0912085488",2022-09-10 06:37:54+00:00,
ኩሩ/kuru/ 🇪🇹 wear ®️,@kuruwear,817,,2022-09-04 11:14:59+00:00,kuruwear_photos/@kuruwear_817.jpg
ኩሩ/kuru/ 🇪🇹 wear ®️,@kuruwear,816,,2022-09-04 11:14:59+00:00,kuruwear_photos/@kuruwear_816.jpg
ኩሩ/kuru/ 🇪🇹 wear ®️,@kuruwear,775,,2022-08-28 18:05:00+00:00,
ኩሩ/kuru/ 🇪🇹 wear ®️,@kuruwear,773,"የሀገር ውስጥ ጫማዎች   #ከ1300_1900ብር_ብቻ            
 ይደዉሉ  0911871330 / 0912085488
           Delivery available 
ሰርግዎን፣ ስራዎን ፣ ቀንዎን በኩሩ ጫማ ኮራ ብለው ያሳልፉ። 
#ቦሌ_መደሐንያለም_ኦሮሚያ_ህንፃ_1ኛ_ፎቅ_104_ቁጥር",2022-08-26 12:08:27+00:00,
ኩሩ/kuru/ 🇪🇹 wear ®️,@kuruwear,759,,2022-08-25 05:52:38+00:00,kuruwear_photos/@kuruwear_759.jpg
ኩሩ/kuru/ 🇪🇹 wear ®️,@kuruwear,757,,2022-08-25 05:52:38+00:00,kuruwear_photos/@kuruwear_757.jpg
ኩሩ/kuru/ 🇪🇹 wear ®️,@kuruwear,756,,2022-08-25 05:52:38+00:00,kuruwear_photos/@kuruwear_756.jpg
ኩሩ/kuru/ 🇪🇹 wear ®️,@kuruwear,755,,2022-08-25 05:52:38+00:00,kuruwear_photos/@kuruwear_755.jpg
ኩሩ/kuru/ 🇪🇹 wear ®️,@kuruwear,754,,2022-08-25 05:52:16+00:00,kuruwear_photos/@kuruwear_754.jpg
ኩሩ/kuru/ 🇪🇹 wear ®️,@kuruwear,752,"የሀገር ውስጥ ጫማዎች   #ከ1300_1900ብር_ብቻ            
 ይደዉሉ  0911871330 / 0912085488
           Delivery available 
ሰርግዎን፣ ስራዎን ፣ ቀንዎን በኩሩ ጫማ ኮራ ብለው ያሳልፉ። 
#ቦሌ_መደሐንያለም_ኦሮሚያ_ህንፃ_1ኛ_ፎቅ_104_ቁጥር",2022-08-19 14:01:35+00:00,
ኩሩ/kuru/ 🇪🇹 wear ®️,@kuruwear,749,,2022-08-19 14:00:32+00:00,kuruwear_photos/@kuruwear_749.jpg
ኩሩ/kuru/ 🇪🇹 wear ®️,@kuruwear,745,,2022-08-17 13:00:42+00:00,kuruwear_photos/@kuruwear_745.jpg
ኩሩ/kuru/ 🇪🇹 wear ®️,@kuruwear,743,,2022-08-17 13:00:42+00:00,kuruwear_photos/@kuruwear_743.jpg
ኩሩ/kuru/ 🇪🇹 wear ®️,@kuruwear,741,,2022-08-17 13:00:41+00:00,kuruwear_photos/@kuruwear_741.jpg
ኩሩ/kuru/ 🇪🇹 wear ®️,@kuruwear,739,,2022-08-17 13:00:41+00:00,kuruwear_photos/@kuruwear_739.jpg
ኩሩ/kuru/ 🇪🇹 wear ®️,@kuruwear,738,,2022-08-17 13:00:41+00:00,kuruwear_photos/@kuruwear_738.jpg
ኩሩ/kuru/ 🇪🇹 wear ®️,@kuruwear,737,,2022-08-17 13:00:41+00:00,kuruwear_photos/@kuruwear_737.jpg
ኩሩ/kuru/ 🇪🇹 wear ®️,@kuruwear,735,,2022-08-17 13:00:39+00:00,kuruwear_photos/@kuruwear_735.jpg
ኩሩ/kuru/ 🇪🇹 wear ®️,@kuruwear,734,,2022-08-17 13:00:39+00:00,kuruwear_photos/@kuruwear_734.jpg
ኩሩ/kuru/ 🇪🇹 wear ®️,@kuruwear,733,,2022-08-17 13:00:39+00:00,kuruwear_photos/@kuruwear_733.jpg
ኩሩ/kuru/ 🇪🇹 wear ®️,@kuruwear,731,,2022-08-17 13:00:39+00:00,kuruwear_photos/@kuruwear_731.jpg
ኩሩ/kuru/ 🇪🇹 wear ®️,@kuruwear,730,,2022-08-17 13:00:39+00:00,kuruwear_photos/@kuruwear_730.jpg
ኩሩ/kuru/ 🇪🇹 wear ®️,@kuruwear,729,,2022-08-17 13:00:39+00:00,kuruwear_photos/@kuruwear_729.jpg
ኩሩ/kuru/ 🇪🇹 wear ®️,@kuruwear,728,,2022-08-17 13:00:39+00:00,kuruwear_photos/@kuruwear_728.jpg
ኩሩ/kuru/ 🇪🇹 wear ®️,@kuruwear,727,,2022-08-17 13:00:38+00:00,kuruwear_photos/@kuruwear_727.jpg
ኩሩ/kuru/ 🇪🇹 wear ®️,@kuruwear,726,,2022-08-17 13:00:38+00:00,kuruwear_photos/@kuruwear_726.jpg
ኩሩ/kuru/ 🇪🇹 wear ®️,@kuruwear,725,,2022-08-17 12:55:55+00:00,kuruwear_photos/@kuruwear_725.jpg
ኩሩ/kuru/ 🇪🇹 wear ®️,@kuruwear,724,"የሀገር ውስጥ ጫማዎች   #ከ1300_1900ብር_ብቻ            
 ይደዉሉ  0911871330 / 0912085488
           Delivery available 
ሰርግዎን፣ ስራዎን ፣ ቀንዎን በኩሩ ጫማ ኮራ ብለው ያሳልፉ። 
#ቦሌ_መደሐንያለም_ኦሮሚያ_ህንፃ_1ኛ_ፎቅ_104_ቁጥር",2022-08-13 09:06:39+00:00,
ኩሩ/kuru/ 🇪🇹 wear ®️,@kuruwear,718,,2022-08-05 16:33:05+00:00,kuruwear_photos/@kuruwear_718.jpg
ኩሩ/kuru/ 🇪🇹 wear ®️,@kuruwear,717,"የሀገር ውስጥ ጫማዎች   #ከ1300_1900ብር_ብቻ            
 ይደዉሉ  0911871330 / 0912085488
           Delivery available 
ሰርግዎን፣ ስራዎን ፣ ቀንዎን በኩሩ ጫማ ኮራ ብለው ያሳልፉ። 
#ቦሌ_መደሐንያለም_ኦሮሚያ_ህንፃ_1ኛ_ፎቅ_104_ቁጥር",2022-08-03 11:31:47+00:00,
ኩሩ/kuru/ 🇪🇹 wear ®️,@kuruwear,716,,2022-08-03 11:31:41+00:00,kuruwear_photos/@kuruwear_716.jpg
ኩሩ/kuru/ 🇪🇹 wear ®️,@kuruwear,715,,2022-08-03 11:31:41+00:00,kuruwear_photos/@kuruwear_715.jpg
ኩሩ/kuru/ 🇪🇹 wear ®️,@kuruwear,713,,2022-08-03 11:31:41+00:00,kuruwear_photos/@kuruwear_713.jpg
ኩሩ/kuru/ 🇪🇹 wear ®️,@kuruwear,712,,2022-08-03 11:31:41+00:00,kuruwear_photos/@kuruwear_712.jpg
ኩሩ/kuru/ 🇪🇹 wear ®️,@kuruwear,711,,2022-08-03 11:31:41+00:00,kuruwear_photos/@kuruwear_711.jpg
ኩሩ/kuru/ 🇪🇹 wear ®️,@kuruwear,708,,2022-08-03 11:31:31+00:00,kuruwear_photos/@kuruwear_708.jpg
ኩሩ/kuru/ 🇪🇹 wear ®️,@kuruwear,707,,2022-08-03 11:31:31+00:00,kuruwear_photos/@kuruwear_707.jpg
ኩሩ/kuru/ 🇪🇹 wear ®️,@kuruwear,705,,2022-08-03 11:31:31+00:00,kuruwear_photos/@kuruwear_705.jpg
ኩሩ/kuru/ 🇪🇹 wear ®️,@kuruwear,704,,2022-08-03 11:31:31+00:00,kuruwear_photos/@kuruwear_704.jpg
ኩሩ/kuru/ 🇪🇹 wear ®️,@kuruwear,703,,2022-08-03 11:31:31+00:00,kuruwear_photos/@kuruwear_703.jpg
ኩሩ/kuru/ 🇪🇹 wear ®️,@kuruwear,702,,2022-08-03 11:31:31+00:00,kuruwear_photos/@kuruwear_702.jpg
ኩሩ/kuru/ 🇪🇹 wear ®️,@kuruwear,701,,2022-08-03 11:31:31+00:00,kuruwear_photos/@kuruwear_701.jpg
ኩሩ/kuru/ 🇪🇹 wear ®️,@kuruwear,700,"የሀገር ውስጥ ጫማዎች   #ከ1300_1900ብር_ብቻ            
 ይደዉሉ  0911871330 / 0912085488
           Delivery available 
ሰርግዎን፣ ስራዎን ፣ ቀንዎን በኩሩ ጫማ ኮራ ብለው ያሳልፉ። 
#ቦሌ_መደሐንያለም_ኦሮሚያ_ህንፃ_1ኛ_ፎቅ_104_ቁጥር",2022-07-23 08:11:48+00:00,
ኩሩ/kuru/ 🇪🇹 wear ®️,@kuruwear,699,,2022-07-23 08:11:35+00:00,kuruwear_photos/@kuruwear_699.jpg
ኩሩ/kuru/ 🇪🇹 wear ®️,@kuruwear,690,"የሀገር ውስጥ ጫማዎች   #ከ1300_1900ብር_ብቻ            
 ይደዉሉ  0911871330 / 0912085488
           Delivery available 
ሰርግዎን፣ ስራዎን ፣ ቀንዎን በኩሩ ጫማ ኮራ ብለው ያሳልፉ። 
#ቦሌ_መደሐንያለም_ኦሮሚያ_ህንፃ_1ኛ_ፎቅ_104_ቁጥር",2022-07-15 11:29:32+00:00,
ኩሩ/kuru/ 🇪🇹 wear ®️,@kuruwear,689,,2022-07-15 11:29:19+00:00,kuruwear_photos/@kuruwear_689.jpg
ኩሩ/kuru/ 🇪🇹 wear ®️,@kuruwear,688,,2022-07-15 10:17:27+00:00,kuruwear_photos/@kuruwear_688.jpg
ኩሩ/kuru/ 🇪🇹 wear ®️,@kuruwear,687,"የሀገር ውስጥ ጫማዎች   #ከ1300_1900ብር_ብቻ            
 ይደዉሉ  0911871330 / 0912085488
           Delivery available 
ሰርግዎን፣ ስራዎን ፣ ቀንዎን በኩሩ ጫማ ኮራ ብለው ያሳልፉ። 
#ቦሌ_መደሐንያለም_ኦሮሚያ_ህንፃ_1ኛ_ፎቅ_104_ቁጥር",2022-07-13 10:53:22+00:00,
ኩሩ/kuru/ 🇪🇹 wear ®️,@kuruwear,686,,2022-07-13 10:52:47+00:00,kuruwear_photos/@kuruwear_686.jpg
ኩሩ/kuru/ 🇪🇹 wear ®️,@kuruwear,685,,2022-07-13 10:52:47+00:00,kuruwear_photos/@kuruwear_685.jpg
ኩሩ/kuru/ 🇪🇹 wear ®️,@kuruwear,680,,2022-07-05 09:21:27+00:00,kuruwear_photos/@kuruwear_680.jpg
ኩሩ/kuru/ 🇪🇹 wear ®️,@kuruwear,679,,2022-07-05 09:21:27+00:00,kuruwear_photos/@kuruwear_679.jpg
ኩሩ/kuru/ 🇪🇹 wear ®️,@kuruwear,678,,2022-07-05 09:21:27+00:00,kuruwear_photos/@kuruwear_678.jpg
ኩሩ/kuru/ 🇪🇹 wear ®️,@kuruwear,677,,2022-07-05 09:21:27+00:00,kuruwear_photos/@kuruwear_677.jpg
ኩሩ/kuru/ 🇪🇹 wear ®️,@kuruwear,676,,2022-07-05 09:21:27+00:00,kuruwear_photos/@kuruwear_676.jpg
ኩሩ/kuru/ 🇪🇹 wear ®️,@kuruwear,675,,2022-07-05 09:21:26+00:00,kuruwear_photos/@kuruwear_675.jpg
ኩሩ/kuru/ 🇪🇹 wear ®️,@kuruwear,674,,2022-07-01 14:01:26+00:00,kuruwear_photos/@kuruwear_674.jpg
ኩሩ/kuru/ 🇪🇹 wear ®️,@kuruwear,673,,2022-06-29 10:05:13+00:00,kuruwear_photos/@kuruwear_673.jpg
ኩሩ/kuru/ 🇪🇹 wear ®️,@kuruwear,672,,2022-06-29 10:05:13+00:00,kuruwear_photos/@kuruwear_672.jpg
ኩሩ/kuru/ 🇪🇹 wear ®️,@kuruwear,671,,2022-06-24 07:58:11+00:00,kuruwear_photos/@kuruwear_671.jpg
ኩሩ/kuru/ 🇪🇹 wear ®️,@kuruwear,670,,2022-06-24 07:58:11+00:00,kuruwear_photos/@kuruwear_670.jpg
ኩሩ/kuru/ 🇪🇹 wear ®️,@kuruwear,669,,2022-06-22 12:17:30+00:00,kuruwear_photos/@kuruwear_669.jpg
ኩሩ/kuru/ 🇪🇹 wear ®️,@kuruwear,668,,2022-06-22 12:16:03+00:00,kuruwear_photos/@kuruwear_668.jpg
ኩሩ/kuru/ 🇪🇹 wear ®️,@kuruwear,667,,2022-06-22 12:16:03+00:00,kuruwear_photos/@kuruwear_667.jpg
ኩሩ/kuru/ 🇪🇹 wear ®️,@kuruwear,664,,2022-06-16 08:21:59+00:00,kuruwear_photos/@kuruwear_664.jpg
ኩሩ/kuru/ 🇪🇹 wear ®️,@kuruwear,663,,2022-06-16 08:21:59+00:00,kuruwear_photos/@kuruwear_663.jpg
ኩሩ/kuru/ 🇪🇹 wear ®️,@kuruwear,662,,2022-06-16 08:21:59+00:00,kuruwear_photos/@kuruwear_662.jpg
ኩሩ/kuru/ 🇪🇹 wear ®️,@kuruwear,661,,2022-06-09 07:12:01+00:00,kuruwear_photos/@kuruwear_661.jpg
ኩሩ/kuru/ 🇪🇹 wear ®️,@kuruwear,660,,2022-06-09 07:12:01+00:00,kuruwear_photos/@kuruwear_660.jpg
ኩሩ/kuru/ 🇪🇹 wear ®️,@kuruwear,659,,2022-06-05 11:33:27+00:00,kuruwear_photos/@kuruwear_659.jpg
ኩሩ/kuru/ 🇪🇹 wear ®️,@kuruwear,658,,2022-06-05 11:33:27+00:00,kuruwear_photos/@kuruwear_658.jpg
ኩሩ/kuru/ 🇪🇹 wear ®️,@kuruwear,652,,2022-05-26 12:32:23+00:00,kuruwear_photos/@kuruwear_652.jpg
ኩሩ/kuru/ 🇪🇹 wear ®️,@kuruwear,651,,2022-05-26 12:32:23+00:00,kuruwear_photos/@kuruwear_651.jpg
ኩሩ/kuru/ 🇪🇹 wear ®️,@kuruwear,650,,2022-05-26 12:32:23+00:00,kuruwear_photos/@kuruwear_650.jpg
ኩሩ/kuru/ 🇪🇹 wear ®️,@kuruwear,649,,2022-05-26 12:32:23+00:00,kuruwear_photos/@kuruwear_649.jpg
ኩሩ/kuru/ 🇪🇹 wear ®️,@kuruwear,648,,2022-05-26 12:32:23+00:00,kuruwear_photos/@kuruwear_648.jpg
ኩሩ/kuru/ 🇪🇹 wear ®️,@kuruwear,646,,2022-05-15 07:25:44+00:00,kuruwear_photos/@kuruwear_646.jpg
ኩሩ/kuru/ 🇪🇹 wear ®️,@kuruwear,645,,2022-05-15 07:25:44+00:00,kuruwear_photos/@kuruwear_645.jpg
ኩሩ/kuru/ 🇪🇹 wear ®️,@kuruwear,642,,2022-05-15 07:25:44+00:00,kuruwear_photos/@kuruwear_642.jpg
ኩሩ/kuru/ 🇪🇹 wear ®️,@kuruwear,641,,2022-05-15 07:25:43+00:00,kuruwear_photos/@kuruwear_641.jpg
ኩሩ/kuru/ 🇪🇹 wear ®️,@kuruwear,639,,2022-05-15 07:25:43+00:00,kuruwear_photos/@kuruwear_639.jpg
ኩሩ/kuru/ 🇪🇹 wear ®️,@kuruwear,638,,2022-05-15 07:25:22+00:00,kuruwear_photos/@kuruwear_638.jpg
ኩሩ/kuru/ 🇪🇹 wear ®️,@kuruwear,637,,2022-05-05 14:05:33+00:00,kuruwear_photos/@kuruwear_637.jpg
ኩሩ/kuru/ 🇪🇹 wear ®️,@kuruwear,615,,2022-05-03 20:51:58+00:00,kuruwear_photos/@kuruwear_615.jpg
ኩሩ/kuru/ 🇪🇹 wear ®️,@kuruwear,614,,2022-05-03 20:51:58+00:00,kuruwear_photos/@kuruwear_614.jpg
ኩሩ/kuru/ 🇪🇹 wear ®️,@kuruwear,613,,2022-05-03 20:51:58+00:00,kuruwear_photos/@kuruwear_613.jpg
ኩሩ/kuru/ 🇪🇹 wear ®️,@kuruwear,612,,2022-05-03 20:51:58+00:00,kuruwear_photos/@kuruwear_612.jpg
ኩሩ/kuru/ 🇪🇹 wear ®️,@kuruwear,611,"100% ንፁ ቆዳ የተሰሩ ጫማዎች
🇪🇹 የሀገራችን ምርት 🇪🇹
     🔥1600 ብር ብቻ🔥
☎️ 0911871330 / 0912085488
🏢ቦሌ መደሐንያለም ኦሮሚያ ህንፃ 1ኛ ፎቅ 104 ቁጥር
             ኩሩ ጫማ
የቴሌግራም አባል ይሁኑ T.me/kuruwear
👉 Code 239

Size:- #39 #40",2022-05-03 08:08:30+00:00,kuruwear_photos/@kuruwear_611.jpg
ኩሩ/kuru/ 🇪🇹 wear ®️,@kuruwear,610,"100% ንፁ ቆዳ የተሰሩ ጫማዎች
🇪🇹 የሀገራችን ምርት 🇪🇹
     🔥1600 ብር ብቻ🔥
☎️ 0911871330 / 0912085488
🏢ቦሌ መደሐንያለም ኦሮሚያ ህንፃ 1ኛ ፎቅ 104 ቁጥር
             ኩሩ ጫማ
የቴሌግራም አባል ይሁኑ T.me/kuruwear
👉 Code 240

Size:- #39 #40 #41 #42",2022-05-03 08:08:08+00:00,kuruwear_photos/@kuruwear_610.jpg
ኩሩ/kuru/ 🇪🇹 wear ®️,@kuruwear,609,"100% ንፁ ቆዳ የተሰሩ ጫማዎች
🇪🇹 የሀገራችን ምርት 🇪🇹
     🔥1600 ብር ብቻ🔥
☎️ 0911871330 / 0912085488
🏢ቦሌ መደሐንያለም ኦሮሚያ ህንፃ 1ኛ ፎቅ 104 ቁጥር
             ኩሩ ጫማ
የቴሌግራም አባል ይሁኑ T.me/kuruwear
👉 Code 241

Size:- #39 #40 #42",2022-05-03 08:07:48+00:00,kuruwear_photos/@kuruwear_609.jpg
ኩሩ/kuru/ 🇪🇹 wear ®️,@kuruwear,608,"100% ንፁ ቆዳ የተሰሩ ጫማዎች
🇪🇹 የሀገራችን ምርት 🇪🇹
     🔥1600 ብር ብቻ🔥
☎️ 0911871330 / 0912085488
🏢ቦሌ መደሐንያለም ኦሮሚያ ህንፃ 1ኛ ፎቅ 104 ቁጥር
             ኩሩ ጫማ
የቴሌግራም አባል ይሁኑ T.me/kuruwear
👉 Code 242

Size:- #39 #40",2022-05-03 08:07:20+00:00,kuruwear_photos/@kuruwear_608.jpg
ኩሩ/kuru/ 🇪🇹 wear ®️,@kuruwear,607,"100% ንፁ ቆዳ የተሰሩ ጫማዎች
🇪🇹 የሀገራችን ምርት 🇪🇹
     🔥1600 ብር ብቻ🔥
☎️ 0911871330 / 0912085488
🏢ቦሌ መደሐንያለም ኦሮሚያ ህንፃ 1ኛ ፎቅ 104 ቁጥር
             ኩሩ ጫማ
የቴሌግራም አባል ይሁኑ T.me/kuruwear
👉 Code 106

Size:- #43 left",2022-05-03 08:06:56+00:00,kuruwear_photos/@kuruwear_607.jpg
ኩሩ/kuru/ 🇪🇹 wear ®️,@kuruwear,606,,2022-05-03 08:06:45+00:00,kuruwear_photos/@kuruwear_606.jpg
ኩሩ/kuru/ 🇪🇹 wear ®️,@kuruwear,516,"100% ንፁ ቆዳ የተሰሩ ጫማዎች
🇪🇹 የሀገራችን ምርት 🇪🇹
     🔥1400 ብር ብቻ🔥
☎️ 0911871330 / 0912085488
🏢ቦሌ መደሐንያለም ኦሮሚያ ህንፃ 1ኛ ፎቅ 104 ቁጥር
             ኩሩ ጫማ
የቴሌግራም አባል ይሁኑ T.me/kuruwear
👉 Code 205

Size:- #39 left",2022-03-30 19:13:22+00:00,kuruwear_photos/@kuruwear_516.jpg
ኩሩ/kuru/ 🇪🇹 wear ®️,@kuruwear,509,"100% ንፁ ቆዳ የተሰሩ ጫማዎች
🇪🇹 የሀገራችን ምርት 🇪🇹
     🔥1400 ብር ብቻ🔥
☎️ 0911871330 / 0912085488
🏢ቦሌ መደሐንያለም ኦሮሚያ ህንፃ 1ኛ ፎቅ 104 ቁጥር
             ኩሩ ጫማ
የቴሌግራም አባል ይሁኑ T.me/kuruwear
👉 Code 164

Size:- #42 #43",2022-03-30 19:10:54+00:00,kuruwear_photos/@kuruwear_509.jpg
ኩሩ/kuru/ 🇪🇹 wear ®️,@kuruwear,508,"100% ንፁ ቆዳ የተሰሩ ጫማዎች
🇪🇹 የሀገራችን ምርት 🇪🇹
     🔥1400 ብር ብቻ🔥
☎️ 0911871330 / 0912085488
🏢ቦሌ መደሐንያለም ኦሮሚያ ህንፃ 1ኛ ፎቅ 104 ቁጥር
             ኩሩ ጫማ
የቴሌግራም አባል ይሁኑ T.me/kuruwear
👉 Code 154

Size:- #39 #40 #42",2022-03-30 19:10:36+00:00,kuruwear_photos/@kuruwear_508.jpg
ኩሩ/kuru/ 🇪🇹 wear ®️,@kuruwear,505,"100% ንፁ ቆዳ የተሰሩ ጫማዎች
🇪🇹 የሀገራችን ምርት 🇪🇹
     🔥1400 ብር ብቻ🔥
☎️ 0911871330 / 0912085488
🏢ቦሌ መደሐንያለም ኦሮሚያ ህንፃ 1ኛ ፎቅ 104 ቁጥር
             ኩሩ ጫማ
የቴሌግራም አባል ይሁኑ T.me/kuruwear
👉 Code 169",2022-03-30 19:09:18+00:00,kuruwear_photos/@kuruwear_505.jpg
ኩሩ/kuru/ 🇪🇹 wear ®️,@kuruwear,499,,2022-03-30 19:06:06+00:00,kuruwear_photos/@kuruwear_499.jpg
ኩሩ/kuru/ 🇪🇹 wear ®️,@kuruwear,487,"100% ንፁ ቆዳ የተሰሩ ጫማዎች
🇪🇹 የሀገራችን ምርት 🇪🇹
     🔥1500 ብር ብቻ🔥
☎️ 0911871330 / 0912085488
🏢ቦሌ መደሐንያለም ኦሮሚያ ህንፃ 1ኛ ፎቅ 104 ቁጥር
             ኩሩ ጫማ
የቴሌግራም አባል ይሁኑ T.me/kuruwear
👉 Code 185

Size:- 39 left",2022-03-21 10:44:31+00:00,kuruwear_photos/@kuruwear_487.jpg
ኩሩ/kuru/ 🇪🇹 wear ®️,@kuruwear,477,"100% ንፁ ቆዳ የተሰሩ ጫማዎች
🇪🇹 የሀገራችን ምርት 🇪🇹
     🔥1300 ብር ብቻ🔥
☎️ 0911871330 / 0912085488
🏢ቦሌ መደሐንያለም ኦሮሚያ ህንፃ 1ኛ ፎቅ 104 ቁጥር
             ኩሩ ጫማ
የቴሌግራም አባል ይሁኑ T.me/kuruwear
👉 Code 200",2022-03-09 10:39:10+00:00,kuruwear_photos/@kuruwear_477.jpg
ኩሩ/kuru/ 🇪🇹 wear ®️,@kuruwear,473,"100% ንፁ ቆዳ የተሰሩ ጫማዎች
🇪🇹 የሀገራችን ምርት 🇪🇹
     🔥1300 ብር ብቻ🔥
☎️ 0911871330 / 0912085488
🏢ቦሌ መደሐንያለም ኦሮሚያ ህንፃ 1ኛ ፎቅ 104 ቁጥር
             ኩሩ ጫማ
የቴሌግራም አባል ይሁኑ T.me/kuruwear
👉 Code 196",2022-03-09 10:37:35+00:00,kuruwear_photos/@kuruwear_473.jpg
ኩሩ/kuru/ 🇪🇹 wear ®️,@kuruwear,463,,2022-03-02 07:36:56+00:00,kuruwear_photos/@kuruwear_463.jpg
ኩሩ/kuru/ 🇪🇹 wear ®️,@kuruwear,462,,2022-03-02 07:36:56+00:00,kuruwear_photos/@kuruwear_462.jpg
ኩሩ/kuru/ 🇪🇹 wear ®️,@kuruwear,461,,2022-03-02 07:36:56+00:00,kuruwear_photos/@kuruwear_461.jpg
ኩሩ/kuru/ 🇪🇹 wear ®️,@kuruwear,457,,2022-02-23 14:25:02+00:00,kuruwear_photos/@kuruwear_457.jpg
ኩሩ/kuru/ 🇪🇹 wear ®️,@kuruwear,456,,2022-02-23 14:25:02+00:00,kuruwear_photos/@kuruwear_456.jpg
ኩሩ/kuru/ 🇪🇹 wear ®️,@kuruwear,454,"የሀገር ውስጥ ጫማዎች #ከ1200_1500ብር_ብቻ            
         0911871330 / 0912085488

 ተጨማሪ ጫማዎች ለማግኝት T.me/kuruwear 
ሰርግዎን፣ ስራዎን ፣ ቀንዎን በኩሩ ጫማ ኮራ ብለው ያሳልፉ። 
#ቦሌ_መደሐንያለም_ኦሮሚያ_ህንፃ_1ኛ_ፎቅ_104_ቁጥር",2022-02-14 08:12:37+00:00,
ኩሩ/kuru/ 🇪🇹 wear ®️,@kuruwear,452,,2022-02-14 08:12:11+00:00,kuruwear_photos/@kuruwear_452.jpg
ኩሩ/kuru/ 🇪🇹 wear ®️,@kuruwear,445,,2022-02-14 08:12:08+00:00,kuruwear_photos/@kuruwear_445.jpg
ኩሩ/kuru/ 🇪🇹 wear ®️,@kuruwear,441,,2022-02-14 08:12:07+00:00,kuruwear_photos/@kuruwear_441.jpg
ኩሩ/kuru/ 🇪🇹 wear ®️,@kuruwear,439,,2022-02-14 08:12:07+00:00,kuruwear_photos/@kuruwear_439.jpg
ኩሩ/kuru/ 🇪🇹 wear ®️,@kuruwear,436,,2022-02-14 08:12:07+00:00,kuruwear_photos/@kuruwear_436.jpg
ኩሩ/kuru/ 🇪🇹 wear ®️,@kuruwear,187,,2021-12-26 09:56:36+00:00,
ኩሩ/kuru/ 🇪🇹 wear ®️,@kuruwear,184,"100% ንፁ ቆዳ የተሰሩ ጫማዎች
🇪🇹 የሀገራችን ምርት 🇪🇹
     🔥1400 ብር ብቻ🔥
☎️ 0911871330 / 0912085488
🏢ቦሌ መደሐንያለም ኦሮሚያ ህንፃ 1ኛ ፎቅ 104 ቁጥር
             ኩሩ ጫማ
የቴሌግራም አባል ይሁኑ T.me/kuruwear
👉 Code 106

Size:- #43 left",2021-12-24 18:30:23+00:00,kuruwear_photos/@kuruwear_184.jpg
ኩሩ/kuru/ 🇪🇹 wear ®️,@kuruwear,182,"100% ንፁ ቆዳ የተሰሩ ጫማዎች
🇪🇹 የሀገራችን ምርት 🇪🇹
     🔥1300 ብር ብቻ🔥
☎️ 0911871330 / 0912085488
🏢ቦሌ መደሐንያለም ኦሮሚያ ህንፃ 1ኛ ፎቅ 104 ቁጥር
             ኩሩ ጫማ
የቴሌግራም አባል ይሁኑ T.me/kuruwear
👉 Code 104

Size:- #39 left",2021-12-24 18:29:47+00:00,kuruwear_photos/@kuruwear_182.jpg
ኩሩ/kuru/ 🇪🇹 wear ®️,@kuruwear,179,"100% ንፁ ቆዳ የተሰሩ ጫማዎች
🇪🇹 የሀገራችን ምርት 🇪🇹
     🔥1300 ብር ብቻ🔥
☎️ 0911871330 / 0912085488
🏢ቦሌ መደሐንያለም ኦሮሚያ ህንፃ 1ኛ ፎቅ 104 ቁጥር
             ኩሩ ጫማ
የቴሌግራም አባል ይሁኑ T.me/kuruwear
👉 Code 101

Size:- #39 left",2021-12-24 18:29:19+00:00,kuruwear_photos/@kuruwear_179.jpg
ኩሩ/kuru/ 🇪🇹 wear ®️,@kuruwear,177,"100% ንፁ ቆዳ የተሰሩ ጫማዎች
🇪🇹 የሀገራችን ምርት 🇪🇹
     🔥1400 ብር ብቻ🔥
☎️ 0911871330 / 0912085488
🏢ቦሌ መደሐንያለም ኦሮሚያ ህንፃ 1ኛ ፎቅ 104 ቁጥር
             ኩሩ ጫማ
የቴሌግራም አባል ይሁኑ T.me/kuruwear
👉 Code 99

Size:- #39 #40 #41",2021-12-17 18:48:15+00:00,kuruwear_photos/@kuruwear_177.jpg
ኩሩ/kuru/ 🇪🇹 wear ®️,@kuruwear,174,"100% ንፁ ቆዳ የተሰሩ ጫማዎች
🇪🇹 የሀገራችን ምርት 🇪🇹
     🔥1400 ብር ብቻ🔥
☎️ 0911871330 / 0912085488
🏢ቦሌ መደሐንያለም ኦሮሚያ ህንፃ 1ኛ ፎቅ 104 ቁጥር
             ኩሩ ጫማ
የቴሌግራም አባል ይሁኑ T.me/kuruwear
👉 Code 96

Size:-  #39 left",2021-12-17 18:47:15+00:00,kuruwear_photos/@kuruwear_174.jpg
ኩሩ/kuru/ 🇪🇹 wear ®️,@kuruwear,171,"100% ንፁ ቆዳ የተሰሩ ጫማዎች
🇪🇹 የሀገራችን ምርት 🇪🇹
     🔥1400 ብር ብቻ🔥
☎️ 0911871330 / 0912085488
🏢ቦሌ መደሐንያለም ኦሮሚያ ህንፃ 1ኛ ፎቅ 104 ቁጥር
             ኩሩ ጫማ
የቴሌግራም አባል ይሁኑ T.me/kuruwear
👉 Code 93

#39 left",2021-12-07 12:50:58+00:00,kuruwear_photos/@kuruwear_171.jpg
ኩሩ/kuru/ 🇪🇹 wear ®️,@kuruwear,157,"100% ንፁ ቆዳ የተሰሩ ጫማዎች
🇪🇹 የሀገራችን ምርት 🇪🇹
     🔥1400 ብር ብቻ🔥
☎️ 0911871330 / 0912085488
🏢ቦሌ መደሐንያለም ኦሮሚያ ህንፃ 1ኛ ፎቅ 104 ቁጥር
             ኩሩ ጫማ
የቴሌግራም አባል ይሁኑ T.me/kuruwear
👉 Code 81

Size:- #39",2021-11-03 12:54:02+00:00,kuruwear_photos/@kuruwear_157.jpg
ኩሩ/kuru/ 🇪🇹 wear ®️,@kuruwear,156,"100% ንፁ ቆዳ የተሰሩ ጫማዎች
🇪🇹 የሀገራችን ምርት 🇪🇹
     🔥1200 ብር ብቻ🔥
☎️ 0911871330 / 0912085488
🏢ቦሌ መደሐንያለም ኦሮሚያ ህንፃ 1ኛ ፎቅ 104 ቁጥር
             ኩሩ ጫማ
የቴሌግራም አባል ይሁኑ T.me/kuruwear
👉 Code 80

Size :- #39 #40",2021-10-17 08:38:37+00:00,kuruwear_photos/@kuruwear_156.jpg
ኩሩ/kuru/ 🇪🇹 wear ®️,@kuruwear,155,"100% ንፁ ቆዳ የተሰሩ ጫማዎች
🇪🇹 የሀገራችን ምርት 🇪🇹
     🔥1200 ብር ብቻ🔥
☎️ 0911871330 / 0912085488
🏢ቦሌ መደሐንያለም ኦሮሚያ ህንፃ 1ኛ ፎቅ 104 ቁጥር
             ኩሩ ጫማ
የቴሌግራም አባል ይሁኑ T.me/kuruwear
👉 Code 79",2021-10-17 08:38:13+00:00,kuruwear_photos/@kuruwear_155.jpg
ኩሩ/kuru/ 🇪🇹 wear ®️,@kuruwear,154,"100% ንፁ ቆዳ የተሰሩ ጫማዎች
🇪🇹 የሀገራችን ምርት 🇪🇹
     🔥1200 ብር ብቻ🔥
☎️ 0911871330 / 0912085488
🏢ቦሌ መደሐንያለም ኦሮሚያ ህንፃ 1ኛ ፎቅ 104 ቁጥር
             ኩሩ ጫማ
የቴሌግራም አባል ይሁኑ T.me/kuruwear
👉 Code 78

Size:- #39 #40 #41",2021-10-17 08:37:46+00:00,kuruwear_photos/@kuruwear_154.jpg
ኩሩ/kuru/ 🇪🇹 wear ®️,@kuruwear,153,"100% ንፁ ቆዳ የተሰሩ ጫማዎች
🇪🇹 የሀገራችን ምርት 🇪🇹
     🔥1200 ብር ብቻ🔥
☎️ 0911871330 / 0912085488
🏢ቦሌ መደሐንያለም ኦሮሚያ ህንፃ 1ኛ ፎቅ 104 ቁጥር
             ኩሩ ጫማ
የቴሌግራም አባል ይሁኑ T.me/kuruwear
👉 Code 77

Size:- #39 , #41 #43",2021-10-17 08:37:21+00:00,kuruwear_photos/@kuruwear_153.jpg
ኩሩ/kuru/ 🇪🇹 wear ®️,@kuruwear,152,"100% ንፁ ቆዳ የተሰሩ ጫማዎች
🇪🇹 የሀገራችን ምርት 🇪🇹
     🔥1200 ብር ብቻ🔥
☎️ 0911871330 / 0912085488
🏢ቦሌ መደሐንያለም ኦሮሚያ ህንፃ 1ኛ ፎቅ 104 ቁጥር
             ኩሩ ጫማ
የቴሌግራም አባል ይሁኑ T.me/kuruwear
👉 Code 76

Size:- #39, #40 left",2021-10-17 08:36:52+00:00,kuruwear_photos/@kuruwear_152.jpg
ኩሩ/kuru/ 🇪🇹 wear ®️,@kuruwear,150,"100% ንፁ ቆዳ የተሰሩ ጫማዎች
🇪🇹 የሀገራችን ምርት 🇪🇹
     🔥1400 ብር ብቻ🔥
☎️ 0911871330 / 0912085488
🏢ቦሌ መደሐንያለም ኦሮሚያ ህንፃ 1ኛ ፎቅ 104 ቁጥር
             ኩሩ ጫማ
የቴሌግራም አባል ይሁኑ T.me/kuruwear
👉 Code 74

Size:- #40 left",2021-10-16 06:33:58+00:00,kuruwear_photos/@kuruwear_150.jpg
ኩሩ/kuru/ 🇪🇹 wear ®️,@kuruwear,149,"100% ንፁ ቆዳ የተሰሩ ጫማዎች
🇪🇹 የሀገራችን ምርት 🇪🇹
     🔥1400 ብር ብቻ🔥
☎️ 0911871330 / 0912085488
🏢ቦሌ መደሐንያለም ኦሮሚያ ህንፃ 1ኛ ፎቅ 104 ቁጥር
             ኩሩ ጫማ
የቴሌግራም አባል ይሁኑ T.me/kuruwear
👉 Code 73

Size:- #39 left",2021-10-12 16:25:16+00:00,kuruwear_photos/@kuruwear_149.jpg
ኩሩ/kuru/ 🇪🇹 wear ®️,@kuruwear,148,"100% ንፁ ቆዳ የተሰሩ ጫማዎች
🇪🇹 የሀገራችን ምርት 🇪🇹
     🔥1400 ብር ብቻ🔥
☎️ 0911871330 / 0912085488
🏢ቦሌ መደሐንያለም ኦሮሚያ ህንፃ 1ኛ ፎቅ 104 ቁጥር
             ኩሩ ጫማ
የቴሌግራም አባል ይሁኑ T.me/kuruwear
👉 Code 72

Size:- #39 left",2021-10-12 16:24:32+00:00,kuruwear_photos/@kuruwear_148.jpg
ኩሩ/kuru/ 🇪🇹 wear ®️,@kuruwear,145,"100% ንፁ ቆዳ የተሰሩ ጫማዎች
🇪🇹 የሀገራችን ምርት 🇪🇹
     🔥1400 ብር ብቻ🔥
☎️ 0911871330 / 0912085488
🏢ቦሌ መደሐንያለም ኦሮሚያ ህንፃ 1ኛ ፎቅ 104 ቁጥር
             ኩሩ ጫማ
የቴሌግራም አባል ይሁኑ T.me/kuruwear
👉 Code 69

Size:- #40 left",2021-10-12 16:23:20+00:00,kuruwear_photos/@kuruwear_145.jpg
ኩሩ/kuru/ 🇪🇹 wear ®️,@kuruwear,144,"100% ንፁ ቆዳ የተሰሩ ጫማዎች
🇪🇹 የሀገራችን ምርት 🇪🇹
     🔥1400 ብር ብቻ🔥
☎️ 0911871330 / 0912085488
🏢ቦሌ መደሐንያለም ኦሮሚያ ህንፃ 1ኛ ፎቅ 104 ቁጥር
             ኩሩ ጫማ
የቴሌግራም አባል ይሁኑ T.me/kuruwear
👉 Code 68

Size :- #39 #40 left",2021-10-12 16:23:01+00:00,kuruwear_photos/@kuruwear_144.jpg
ኩሩ/kuru/ 🇪🇹 wear ®️,@kuruwear,143,"100% ንፁ ቆዳ የተሰሩ ጫማዎች
🇪🇹 የሀገራችን ምርት 🇪🇹
     🔥1400 ብር ብቻ🔥
☎️ 0911871330 / 0912085488
🏢ቦሌ መደሐንያለም ኦሮሚያ ህንፃ 1ኛ ፎቅ 104 ቁጥር
             ኩሩ ጫማ
የቴሌግራም አባል ይሁኑ T.me/kuruwear
👉 Code 67

Size :- #39 left",2021-10-12 16:22:40+00:00,kuruwear_photos/@kuruwear_143.jpg
ኩሩ/kuru/ 🇪🇹 wear ®️,@kuruwear,142,,2021-10-12 16:22:14+00:00,kuruwear_photos/@kuruwear_142.jpg
ኩሩ/kuru/ 🇪🇹 wear ®️,@kuruwear,137,"100% ንፁ ቆዳ የተሰሩ ጫማዎች
🇪🇹 የሀገራችን ምርት 🇪🇹
     🔥1400 ብር ብቻ🔥
☎️ 0911871330 / 0912085488
🏢ቦሌ መደሐንያለም ኦሮሚያ ህንፃ 1ኛ ፎቅ 104 ቁጥር
             ኩሩ ጫማ
የቴሌግራም አባል ይሁኑ T.me/kuruwear
👉 Code 63

Size :- #39 left",2021-09-24 10:15:39+00:00,kuruwear_photos/@kuruwear_137.jpg
ኩሩ/kuru/ 🇪🇹 wear ®️,@kuruwear,126,"100% ንፁ ቆዳ የተሰሩ ጫማዎች
🇪🇹 የሀገራችን ምርት 🇪🇹
     🔥1200 ብር ብቻ🔥
☎️ 0911871330 / 0912085488
🏢ቦሌ መደሐንያለም ኦሮሚያ ህንፃ 1ኛ ፎቅ 104 ቁጥር
             ኩሩ ጫማ
የቴሌግራም አባል ይሁኑ T.me/kuruwear
👉 Code 58

Size :- #39 left",2021-09-12 11:55:27+00:00,kuruwear_photos/@kuruwear_126.jpg
ኩሩ/kuru/ 🇪🇹 wear ®️,@kuruwear,125,,2021-09-12 11:51:51+00:00,kuruwear_photos/@kuruwear_125.jpg
ኩሩ/kuru/ 🇪🇹 wear ®️,@kuruwear,67,"100% ንፁ ቆዳ የተሰሩ ጫማዎች
🇪🇹 የሀገራችን ምርት 🇪🇹
     🔥1300 ብር ብቻ🔥
☎️ 0911871330 / 0912085488
🏢ቦሌ መደሐንያለም ኦሮሚያ ህንፃ 1ኛ ፎቅ 104 ቁጥር
             ኩሩ ጫማ
የቴሌግራም አባል ይሁኑ T.me/kuruwear
👉 Code 55",2021-08-19 17:01:18+00:00,kuruwear_photos/@kuruwear_67.jpg
ኩሩ/kuru/ 🇪🇹 wear ®️,@kuruwear,47,"100% ንፁ ቆዳ የተሰሩ ጫማዎች
🇪🇹 የሀገራችን ምርት 🇪🇹
     👶  ለልጆች 👶
     🔥750 ብር ብቻ🔥
☎️ 0911871330 / 0912085488
🏢ቦሌ መደሐንያለም ኦሮሚያ ህንፃ 1ኛ ፎቅ 104 ቁጥር
             ኩሩ ጫማ
የቴሌግራም አባል ይሁኑ T.me/kuruwear
👉 Code 37",2021-08-15 07:30:50+00:00,kuruwear_photos/@kuruwear_47.jpg
ኩሩ/kuru/ 🇪🇹 wear ®️,@kuruwear,46,"100% ንፁ ቆዳ የተሰሩ ጫማዎች
🇪🇹 የሀገራችን ምርት 🇪🇹
     👶  ለልጆች 👶
     🔥750 ብር ብቻ🔥
☎️ 0911871330 / 0912085488
🏢ቦሌ መደሐንያለም ኦሮሚያ ህንፃ 1ኛ ፎቅ 104 ቁጥር
             ኩሩ ጫማ
የቴሌግራም አባል ይሁኑ T.me/kuruwear
👉 Code 36",2021-08-15 07:30:39+00:00,kuruwear_photos/@kuruwear_46.jpg
ኩሩ/kuru/ 🇪🇹 wear ®️,@kuruwear,45,"100% ንፁ ቆዳ የተሰሩ ጫማዎች
🇪🇹 የሀገራችን ምርት 🇪🇹
     👶  ለልጆች 👶
     🔥750 ብር ብቻ🔥
☎️ 0911871330 / 0912085488
🏢ቦሌ መደሐንያለም ኦሮሚያ ህንፃ 1ኛ ፎቅ 104 ቁጥር
             ኩሩ ጫማ
የቴሌግራም አባል ይሁኑ T.me/kuruwear
👉 Code 35",2021-08-15 07:30:25+00:00,kuruwear_photos/@kuruwear_45.jpg
ኩሩ/kuru/ 🇪🇹 wear ®️,@kuruwear,44,"100% ንፁ ቆዳ የተሰሩ ጫማዎች
🇪🇹 የሀገራችን ምርት 🇪🇹
     👶  ለልጆች 👶
     🔥750 ብር ብቻ🔥
☎️ 0911871330 / 0912085488
🏢ቦሌ መደሐንያለም ኦሮሚያ ህንፃ 1ኛ ፎቅ 104 ቁጥር
             ኩሩ ጫማ
የቴሌግራም አባል ይሁኑ T.me/kuruwear
👉 Code 34",2021-08-15 07:29:51+00:00,kuruwear_photos/@kuruwear_44.jpg
ኩሩ/kuru/ 🇪🇹 wear ®️,@kuruwear,25,,2021-07-25 19:13:04+00:00,
ኩሩ/kuru/ 🇪🇹 wear ®️,@kuruwear,24,"#ከሩ_ጫማ
ከሰኞ እስከ ቅዳሜ ጠዋት 2 ሰአት - ማታ 1:30
       እሁድ ከቀን 7:00 ሰአት - ማታ 1:30
                ሱቃችን ክፍት ነዉ።
ይምጡ እና ከንፁህ ቆዳ በሀገራችን ልጆች የተሰሩ      ጫማዎችን አድርገዉ ኮራ ይበሉ።
             🇪🇹     #ኩሩ_ጫማ     🇪🇹",2021-07-25 06:28:20+00:00,
ኩሩ/kuru/ 🇪🇹 wear ®️,@kuruwear,2,,2021-07-15 19:51:34+00:00,
ኩሩ/kuru/ 🇪🇹 wear ®️,@kuruwear,1,,2021-07-15 11:03:58+00:00,
